2.060,-0.090,9.280,-0.030,0.080,0.040,0.000
2.020,-0.100,9.290,-0.030,0.080,0.040,0.000
2.050,-0.090,9.300,-0.030,0.080,0.040,0.000
2.040,-0.100,9.280,-0.030,0.080,0.040,0.000
2.040,-0.120,9.280,-0.030,0.080,0.040,0.000
2.040,-0.110,9.300,-0.030,0.080,0.040,0.000
2.020,-0.140,9.290,-0.030,0.080,0.040,0.000
2.050,-0.120,9.300,-0.030,0.080,0.040,0.000
2.020,-0.120,9.280,-0.030,0.080,0.040,0.000
2.040,-0.120,9.280,-0.030,0.080,0.040,0.000
2.050,-0.100,9.280,-0.030,0.080,0.040,0.000
2.010,-0.140,9.260,-0.030,0.080,0.040,0.000
2.060,-0.120,9.270,-0.030,0.080,0.040,0.000
2.030,-0.110,9.280,-0.030,0.080,0.040,0.000
2.040,-0.120,9.300,-0.030,0.080,0.040,0.000
2.060,-0.120,9.320,-0.030,0.080,0.040,0.000
2.030,-0.110,9.320,-0.030,0.080,0.040,0.000
2.070,-0.110,9.310,-0.030,0.080,0.040,0.000
2.040,-0.110,9.310,-0.030,0.080,0.040,0.000
2.030,-0.130,9.310,-0.030,0.080,0.040,0.000
2.050,-0.110,9.300,-0.030,0.080,0.040,0.000
2.030,-0.110,9.270,-0.020,0.080,0.040,0.000
2.060,-0.100,9.260,-0.030,0.080,0.040,0.000
2.030,-0.090,9.300,-0.030,0.080,0.040,0.000
2.020,-0.100,9.300,-0.030,0.080,0.040,0.000
2.060,-0.100,9.320,-0.030,0.080,0.040,0.000
2.050,-0.110,9.290,-0.030,0.080,0.040,0.000
2.030,-0.100,9.280,-0.030,0.080,0.040,0.000
2.020,-0.100,9.290,-0.030,0.080,0.040,0.000
2.050,-0.100,9.280,-0.030,0.080,0.040,0.000
2.020,-0.110,9.280,-0.030,0.080,0.040,0.000
2.050,-0.110,9.280,-0.030,0.080,0.040,0.000
2.030,-0.100,9.290,-0.030,0.080,0.040,0.000
2.020,-0.110,9.310,-0.030,0.080,0.040,0.000
2.050,-0.100,9.320,-0.030,0.080,0.040,0.000
2.010,-0.110,9.300,-0.030,0.080,0.040,0.000
2.040,-0.110,9.310,-0.030,0.080,0.040,0.000
2.030,-0.120,9.280,-0.030,0.080,0.040,0.000
2.010,-0.110,9.280,-0.030,0.080,0.040,0.000
2.060,-0.100,9.280,-0.030,0.080,0.040,0.000
2.010,-0.120,9.280,-0.030,0.080,0.040,0.000
2.040,-0.120,9.270,-0.030,0.080,0.040,0.000
2.040,-0.110,9.280,-0.030,0.080,0.040,0.000
2.010,-0.110,9.270,-0.030,0.080,0.040,0.000
2.040,-0.120,9.270,-0.030,0.080,0.040,0.000
2.000,-0.140,9.270,-0.030,0.080,0.040,0.000
2.020,-0.140,9.280,-0.030,0.080,0.040,0.000
2.030,-0.140,9.280,-0.030,0.080,0.040,0.000
2.010,-0.130,9.290,-0.030,0.080,0.040,0.000
2.030,-0.110,9.300,-0.030,0.080,0.040,0.000
2.010,-0.110,9.270,-0.030,0.080,0.040,0.000
2.030,-0.110,9.270,-0.030,0.080,0.040,0.000
2.010,-0.110,9.290,-0.030,0.080,0.040,0.000
1.990,-0.120,9.290,-0.030,0.080,0.040,0.000
2.020,-0.110,9.290,-0.030,0.080,0.040,0.000
2.000,-0.100,9.310,-0.030,0.080,0.040,0.000
2.030,-0.110,9.300,-0.030,0.080,0.040,0.000
2.040,-0.090,9.290,-0.030,0.080,0.040,0.000
2.020,-0.110,9.280,-0.030,0.080,0.040,0.000
2.050,-0.100,9.280,-0.030,0.080,0.040,0.000
2.030,-0.100,9.300,-0.030,0.080,0.040,0.000
2.040,-0.110,9.300,-0.030,0.080,0.040,0.000
2.060,-0.100,9.290,-0.030,0.080,0.040,0.000
2.020,-0.110,9.280,-0.030,0.080,0.040,0.000
2.040,-0.110,9.280,-0.030,0.080,0.040,0.000
2.010,-0.110,9.260,-0.030,0.080,0.040,0.000
2.050,-0.090,9.290,-0.030,0.080,0.040,0.000
2.020,-0.100,9.280,-0.030,0.080,0.040,0.000
2.050,-0.100,9.280,-0.030,0.080,0.040,0.000
2.030,-0.080,9.280,-0.030,0.080,0.040,0.000
2.030,-0.100,9.290,-0.030,0.080,0.040,0.000
2.040,-0.080,9.270,-0.030,0.080,0.040,0.000
2.000,-0.100,9.280,-0.030,0.080,0.040,0.000
2.040,-0.110,9.270,-0.030,0.080,0.040,0.000
2.020,-0.090,9.260,-0.030,0.080,0.040,0.000
2.010,-0.110,9.270,-0.030,0.080,0.040,0.000
2.040,-0.100,9.280,-0.030,0.080,0.040,0.000
2.010,-0.110,9.300,-0.030,0.080,0.040,0.000
2.040,-0.100,9.300,-0.030,0.080,0.040,0.000
2.030,-0.100,9.300,-0.030,0.080,0.040,0.000
2.020,-0.120,9.290,-0.030,0.080,0.040,0.000
2.050,-0.110,9.280,-0.030,0.080,0.040,0.000
1.990,-0.120,9.280,-0.030,0.080,0.040,0.000
2.030,-0.100,9.280,-0.030,0.080,0.040,0.000
2.020,-0.090,9.310,-0.030,0.080,0.040,0.000
2.000,-0.100,9.300,-0.030,0.080,0.040,0.000
2.040,-0.080,9.280,-0.030,0.080,0.040,0.000
2.010,-0.110,9.280,-0.030,0.080,0.040,0.000
2.040,-0.110,9.300,-0.030,0.080,0.040,0.000
2.030,-0.100,9.300,-0.030,0.080,0.040,0.000
2.020,-0.110,9.310,-0.030,0.080,0.040,0.000
2.060,-0.090,9.300,-0.030,0.080,0.040,0.000
2.010,-0.100,9.270,-0.030,0.080,0.040,0.000
2.030,-0.100,9.300,-0.030,0.080,0.040,0.000
2.050,-0.110,9.290,-0.030,0.080,0.040,0.000
2.020,-0.120,9.300,-0.030,0.080,0.040,0.000
2.060,-0.100,9.270,-0.030,0.080,0.040,0.000
2.010,-0.110,9.290,-0.030,0.080,0.040,0.000
2.040,-0.110,9.320,-0.030,0.080,0.040,0.000
2.050,-0.110,9.310,-0.030,0.080,0.040,0.000
2.000,-0.110,9.310,-0.030,0.080,0.040,0.000
2.040,-0.120,9.290,-0.030,0.080,0.040,0.000
2.000,-0.130,9.290,-0.030,0.080,0.040,0.000
2.040,-0.100,9.300,-0.030,0.080,0.040,0.000
2.030,-0.090,9.300,-0.030,0.080,0.040,0.000
2.010,-0.100,9.270,-0.030,0.080,0.040,0.000
2.040,-0.090,9.300,-0.030,0.080,0.040,0.000
2.010,-0.110,9.290,-0.030,0.080,0.040,0.000
2.040,-0.100,9.290,-0.030,0.080,0.040,0.000
2.010,-0.110,9.290,-0.030,0.080,0.040,0.000
2.030,-0.120,9.300,-0.030,0.080,0.040,0.000
2.020,-0.110,9.290,-0.030,0.080,0.040,0.000
2.010,-0.120,9.270,-0.030,0.080,0.040,0.000
2.040,-0.090,9.280,-0.030,0.080,0.040,0.000
2.010,-0.120,9.290,-0.030,0.080,0.040,0.000
2.060,-0.110,9.260,-0.030,0.080,0.040,0.000
2.030,-0.110,9.270,-0.030,0.080,0.040,0.000
2.020,-0.120,9.260,-0.030,0.080,0.040,0.000
2.050,-0.100,9.290,-0.030,0.080,0.040,0.000
2.020,-0.110,9.300,-0.030,0.080,0.040,0.000
2.050,-0.110,9.310,-0.030,0.080,0.040,0.000
2.020,-0.110,9.280,-0.030,0.080,0.040,0.000
2.010,-0.120,9.270,-0.030,0.080,0.040,0.000
2.040,-0.110,9.280,-0.030,0.080,0.040,0.000
2.010,-0.120,9.290,-0.030,0.080,0.040,0.000
2.040,-0.120,9.280,-0.030,0.080,0.040,0.000
2.040,-0.120,9.300,-0.030,0.080,0.040,0.000
2.030,-0.120,9.280,-0.030,0.080,0.040,0.000
2.060,-0.100,9.290,-0.030,0.080,0.040,0.000
2.020,-0.100,9.280,-0.030,0.080,0.040,0.000
2.060,-0.090,9.290,-0.030,0.080,0.040,0.000
2.050,-0.090,9.300,-0.030,0.080,0.040,0.000
2.030,-0.110,9.310,-0.030,0.080,0.040,0.000
2.040,-0.110,9.290,-0.030,0.080,0.040,0.000
2.040,-0.110,9.290,-0.030,0.080,0.040,0.000
2.030,-0.110,9.310,-0.030,0.080,0.040,0.000
2.070,-0.090,9.310,-0.030,0.080,0.040,0.000
2.040,-0.090,9.290,-0.030,0.080,0.040,0.000
2.050,-0.090,9.280,-0.020,0.080,0.040,0.000
2.050,-0.090,9.280,-0.020,0.080,0.040,0.000
2.020,-0.120,9.290,-0.030,0.080,0.040,0.000
2.050,-0.100,9.280,-0.030,0.080,0.040,0.000
2.030,-0.110,9.300,-0.030,0.080,0.040,0.000
2.050,-0.110,9.340,-0.030,0.080,0.040,0.000
2.020,-0.120,9.330,-0.030,0.080,0.040,0.000
2.050,-0.100,9.310,-0.030,0.080,0.040,0.000
2.010,-0.100,9.310,-0.030,0.080,0.040,0.000
2.050,-0.100,9.290,-0.030,0.080,0.040,0.000
2.040,-0.120,9.320,-0.030,0.080,0.040,0.000
2.030,-0.130,9.300,-0.030,0.080,0.040,0.000
2.070,-0.100,9.310,-0.030,0.080,0.040,0.000
2.040,-0.100,9.300,-0.030,0.080,0.040,0.000
2.040,-0.110,9.290,-0.030,0.080,0.040,0.000
2.030,-0.120,9.290,-0.030,0.080,0.040,0.000
2.050,-0.110,9.280,-0.030,0.080,0.040,0.000
2.020,-0.110,9.300,-0.030,0.080,0.040,0.000
2.020,-0.110,9.290,-0.030,0.080,0.040,0.000
2.040,-0.110,9.300,-0.030,0.080,0.040,0.000
2.000,-0.100,9.310,-0.030,0.080,0.040,0.000
2.040,-0.080,9.310,-0.030,0.090,0.040,0.000
2.020,-0.090,9.310,-0.030,0.080,0.040,0.000
2.050,-0.100,9.300,-0.030,0.080,0.040,0.000
2.010,-0.110,9.300,-0.030,0.080,0.040,0.000
2.030,-0.110,9.320,-0.030,0.080,0.040,0.000
2.010,-0.110,9.300,-0.030,0.080,0.040,0.000
2.040,-0.110,9.300,-0.030,0.080,0.040,0.000
2.010,-0.120,9.320,-0.030,0.080,0.040,0.000
2.020,-0.130,9.310,-0.030,0.080,0.040,0.000
2.050,-0.110,9.320,-0.030,0.080,0.040,0.000
2.020,-0.120,9.300,-0.030,0.080,0.040,0.000
2.050,-0.130,9.310,-0.030,0.080,0.040,0.000
2.010,-0.130,9.340,-0.030,0.080,0.040,0.000
2.020,-0.120,9.320,-0.030,0.080,0.040,0.000
2.040,-0.110,9.310,-0.030,0.080,0.040,0.000
2.010,-0.110,9.290,-0.030,0.080,0.040,0.000
2.040,-0.110,9.280,-0.030,0.080,0.040,0.000
2.020,-0.110,9.270,-0.030,0.080,0.040,0.000
2.020,-0.120,9.250,-0.030,0.080,0.040,0.000
2.030,-0.110,9.270,-0.030,0.080,0.040,0.000
2.000,-0.120,9.270,-0.030,0.080,0.040,0.000
2.050,-0.110,9.270,-0.030,0.080,0.040,0.000
2.030,-0.110,9.290,-0.030,0.080,0.040,0.000
2.010,-0.130,9.310,-0.030,0.080,0.040,0.000
2.050,-0.110,9.310,-0.030,0.080,0.040,0.000
2.010,-0.110,9.300,-0.030,0.080,0.040,0.000
2.010,-0.110,9.310,-0.030,0.080,0.040,0.000
2.040,-0.110,9.310,-0.030,0.080,0.040,0.000
2.000,-0.110,9.320,-0.030,0.080,0.040,0.000
2.030,-0.110,9.290,-0.030,0.080,0.040,0.000
2.020,-0.100,9.280,-0.030,0.080,0.040,0.000
2.010,-0.120,9.280,-0.030,0.080,0.040,0.000
2.040,-0.110,9.280,-0.030,0.080,0.040,0.000
2.010,-0.110,9.290,-0.030,0.080,0.040,0.000
2.050,-0.120,9.290,-0.030,0.080,0.040,0.000
2.040,-0.110,9.270,-0.030,0.080,0.040,0.000
2.030,-0.120,9.290,-0.030,0.080,0.040,0.000
2.050,-0.100,9.290,-0.030,0.080,0.040,0.000
2.020,-0.110,9.280,-0.030,0.080,0.040,0.000
2.040,-0.100,9.280,-0.030,0.080,0.040,0.000
2.040,-0.110,9.280,-0.030,0.080,0.040,0.000
2.020,-0.110,9.280,-0.030,0.080,0.040,0.000
2.040,-0.110,9.260,-0.030,0.080,0.040,0.000
2.010,-0.110,9.270,-0.020,0.080,0.040,0.000
2.040,-0.110,9.290,-0.020,0.080,0.040,0.000
2.050,-0.090,9.300,-0.020,0.080,0.040,0.000
2.010,-0.110,9.300,-0.030,0.080,0.040,0.000
2.050,-0.120,9.300,-0.030,0.080,0.040,0.000
2.020,-0.120,9.310,-0.030,0.080,0.040,0.000
2.030,-0.120,9.310,-0.030,0.080,0.040,0.000
2.050,-0.100,9.310,-0.030,0.080,0.040,0.000
2.020,-0.110,9.320,-0.030,0.080,0.040,0.000
2.040,-0.110,9.310,-0.030,0.080,0.040,0.000
2.050,-0.100,9.320,-0.030,0.080,0.040,0.000
2.030,-0.130,9.320,-0.030,0.080,0.040,0.000
2.060,-0.120,9.290,-0.030,0.080,0.040,0.000
2.040,-0.130,9.300,-0.030,0.080,0.040,0.000
2.050,-0.120,9.280,-0.030,0.080,0.040,0.000
2.050,-0.110,9.310,-0.030,0.080,0.040,0.000
2.030,-0.110,9.300,-0.030,0.080,0.040,0.000
2.060,-0.100,9.280,-0.030,0.080,0.040,0.000
2.030,-0.110,9.280,-0.030,0.080,0.040,0.000
2.060,-0.110,9.270,-0.030,0.080,0.040,0.000
2.060,-0.110,9.300,-0.030,0.080,0.040,0.000
2.030,-0.110,9.300,-0.030,0.080,0.040,0.000
2.050,-0.100,9.280,-0.030,0.080,0.040,0.000
2.010,-0.100,9.270,-0.030,0.080,0.040,0.000
2.050,-0.090,9.270,-0.030,0.080,0.040,0.000
2.040,-0.100,9.270,-0.030,0.080,0.040,0.000
2.050,-0.100,9.290,-0.030,0.080,0.040,0.000
2.060,-0.100,9.280,-0.030,0.080,0.040,0.000
2.040,-0.110,9.290,-0.030,0.080,0.040,0.000
2.020,-0.110,9.300,-0.030,0.080,0.040,0.000
2.010,-0.120,9.280,-0.030,0.080,0.040,0.000
2.040,-0.110,9.260,-0.030,0.080,0.040,0.000
2.000,-0.120,9.260,-0.030,0.080,0.040,0.000
2.030,-0.120,9.280,-0.030,0.080,0.040,0.000
2.020,-0.120,9.290,-0.030,0.080,0.040,0.000
2.010,-0.120,9.310,-0.030,0.080,0.040,0.000
2.040,-0.110,9.290,-0.030,0.080,0.040,0.000
2.000,-0.130,9.290,-0.030,0.080,0.040,0.000
2.030,-0.120,9.280,-0.030,0.080,0.040,0.000
2.040,-0.110,9.280,-0.030,0.080,0.040,0.000
2.020,-0.120,9.280,-0.030,0.080,0.040,0.000
2.050,-0.100,9.300,-0.030,0.080,0.040,0.000
2.020,-0.100,9.300,-0.030,0.080,0.040,0.000
2.050,-0.090,9.300,-0.030,0.080,0.040,0.000
2.050,-0.090,9.300,-0.030,0.080,0.040,0.000
2.010,-0.120,9.290,-0.030,0.080,0.040,0.000
2.040,-0.130,9.290,-0.030,0.080,0.040,0.000
2.000,-0.140,9.290,-0.030,0.080,0.040,0.000
2.020,-0.140,9.280,-0.030,0.080,0.040,0.000
2.030,-0.120,9.270,-0.030,0.080,0.040,0.000
2.010,-0.110,9.280,-0.030,0.080,0.040,0.000
2.050,-0.100,9.270,-0.030,0.080,0.040,0.000
2.020,-0.110,9.280,-0.030,0.080,0.040,0.000
2.040,-0.110,9.280,-0.030,0.080,0.040,0.000
2.070,-0.100,9.300,-0.030,0.080,0.040,0.000
2.020,-0.110,9.290,-0.030,0.080,0.040,0.000
2.050,-0.090,9.280,-0.020,0.080,0.040,0.000
2.030,-0.100,9.280,-0.020,0.080,0.040,0.000
2.050,-0.100,9.290,-0.020,0.080,0.040,0.000
2.050,-0.100,9.300,-0.020,0.080,0.040,0.000
2.030,-0.110,9.280,-0.030,0.080,0.040,0.000
2.060,-0.110,9.270,-0.030,0.080,0.040,0.000
2.050,-0.110,9.280,-0.030,0.080,0.040,0.000
2.050,-0.110,9.270,-0.030,0.090,0.040,0.000
2.050,-0.110,9.280,-0.030,0.090,0.040,0.000
2.020,-0.110,9.300,-0.030,0.080,0.040,0.000
2.060,-0.100,9.300,-0.020,0.080,0.040,0.000
2.040,-0.100,9.300,-0.020,0.080,0.040,0.000
2.030,-0.110,9.280,-0.020,0.080,0.040,0.000
2.050,-0.090,9.300,-0.020,0.080,0.040,0.000
2.000,-0.110,9.310,-0.030,0.080,0.040,0.000
2.030,-0.100,9.310,-0.030,0.080,0.040,0.000
2.020,-0.100,9.330,-0.030,0.090,0.040,0.000
2.010,-0.110,9.320,-0.030,0.090,0.040,0.000
2.040,-0.110,9.300,-0.030,0.090,0.040,0.000
2.000,-0.110,9.310,-0.030,0.090,0.040,0.000
2.030,-0.110,9.290,-0.030,0.090,0.040,0.000
2.030,-0.110,9.260,-0.030,0.090,0.040,0.000
2.030,-0.120,9.250,-0.030,0.090,0.040,0.000
2.060,-0.110,9.280,-0.030,0.080,0.040,0.000
2.020,-0.120,9.280,-0.030,0.080,0.040,0.000
2.040,-0.110,9.260,-0.020,0.080,0.040,0.000
2.010,-0.120,9.280,-0.020,0.080,0.040,0.000
2.010,-0.140,9.280,-0.020,0.080,0.040,0.000
2.030,-0.130,9.290,-0.020,0.080,0.040,0.000
2.010,-0.130,9.290,-0.020,0.080,0.040,0.000
2.030,-0.120,9.280,-0.020,0.080,0.040,0.000
2.040,-0.130,9.300,-0.020,0.080,0.040,0.000
2.010,-0.120,9.310,-0.030,0.080,0.040,0.000
2.050,-0.110,9.310,-0.030,0.080,0.040,0.000
2.020,-0.110,9.330,-0.030,0.080,0.040,0.000
2.040,-0.110,9.320,-0.030,0.080,0.040,0.000
2.030,-0.110,9.300,-0.030,0.080,0.040,0.000
2.010,-0.120,9.280,-0.030,0.080,0.040,0.000
2.020,-0.120,9.280,-0.030,0.080,0.040,0.000
2.040,-0.110,9.280,-0.030,0.080,0.040,0.000
2.050,-0.100,9.280,-0.020,0.080,0.040,0.000
2.030,-0.110,9.280,-0.020,0.080,0.040,0.000
2.070,-0.100,9.300,-0.020,0.080,0.040,0.000
2.020,-0.110,9.300,-0.020,0.080,0.040,0.000
2.050,-0.110,9.290,-0.020,0.080,0.040,0.000
2.040,-0.090,9.300,-0.020,0.080,0.040,0.000
2.010,-0.110,9.300,-0.020,0.080,0.040,0.000
2.050,-0.100,9.270,-0.020,0.080,0.040,0.000
2.030,-0.120,9.260,-0.030,0.080,0.040,0.000
2.040,-0.110,9.270,-0.030,0.080,0.040,0.000
2.060,-0.110,9.280,-0.030,0.080,0.040,0.000
2.010,-0.110,9.260,-0.030,0.080,0.040,0.000
2.030,-0.100,9.270,-0.030,0.080,0.040,0.000
1.990,-0.110,9.280,-0.030,0.090,0.040,0.000
2.030,-0.100,9.270,-0.030,0.090,0.040,0.000
2.020,-0.100,9.300,-0.030,0.090,0.040,0.000
2.040,-0.100,9.290,-0.030,0.090,0.040,0.000
1.990,-0.110,9.300,-0.030,0.080,0.040,0.000
2.010,-0.110,9.300,-0.030,0.090,0.040,0.000
2.030,-0.130,9.280,-0.030,0.090,0.040,0.000
2.010,-0.140,9.270,-0.030,0.090,0.040,0.000
2.040,-0.100,9.240,-0.030,0.090,0.040,0.000
1.980,-0.090,9.240,-0.020,0.090,0.040,0.000
2.000,-0.090,9.260,-0.020,0.090,0.040,0.000
2.010,-0.080,9.260,-0.020,0.090,0.040,0.000
2.000,-0.100,9.240,-0.020,0.090,0.050,0.000
2.050,-0.120,9.200,-0.020,0.090,0.050,0.000
2.000,-0.130,9.110,-0.020,0.100,0.050,0.000
1.970,-0.070,8.980,0.000,0.100,0.050,0.000
1.940,0.060,8.930,0.030,0.100,0.050,0.000
1.880,0.170,8.930,0.060,0.090,0.040,0.000
1.900,0.270,8.990,0.080,0.070,0.040,0.000
1.900,0.330,9.130,0.090,0.060,0.020,0.000
2.000,0.360,9.280,0.090,0.040,0.010,0.000
2.120,0.390,9.390,0.070,0.030,0.000,0.000
2.210,0.400,9.470,0.050,0.020,-0.000,0.000
2.370,0.430,9.530,0.010,0.030,0.000,0.000
2.410,0.460,9.590,-0.020,0.030,0.000,0.000
2.470,0.500,9.560,-0.050,0.050,0.010,0.000
2.450,0.560,9.480,-0.090,0.070,0.020,0.000
2.420,0.610,9.350,-0.120,0.090,0.030,0.000
2.430,0.690,9.220,-0.150,0.110,0.040,0.000
2.320,0.730,9.080,-0.180,0.130,0.040,0.000
2.270,0.740,8.950,-0.200,0.140,0.050,0.000
2.200,0.730,8.790,-0.220,0.160,0.060,0.000
2.110,0.690,8.710,-0.240,0.170,0.070,0.000
2.060,0.670,8.670,-0.260,0.180,0.090,0.000
1.970,0.600,8.740,-0.270,0.180,0.090,0.000
1.950,0.470,8.900,-0.290,0.190,0.100,0.000
1.870,0.280,9.130,-0.320,0.190,0.110,0.000
1.810,0.100,9.250,-0.340,0.190,0.110,0.000
1.790,-0.050,9.370,-0.350,0.180,0.110,0.000
1.700,-0.210,9.520,-0.350,0.170,0.100,0.000
1.700,-0.360,9.660,-0.350,0.160,0.090,0.000
1.630,-0.480,9.790,-0.340,0.140,0.080,0.000
1.620,-0.580,9.830,-0.330,0.120,0.080,0.000
1.650,-0.650,9.860,-0.320,0.100,0.070,0.000
1.640,-0.720,9.830,-0.300,0.080,0.070,0.000
1.710,-0.770,9.730,-0.290,0.060,0.060,0.000
1.760,-0.830,9.620,-0.270,0.060,0.060,0.000
1.810,-0.860,9.560,-0.260,0.060,0.060,0.000
1.920,-0.870,9.520,-0.230,0.060,0.070,0.000
1.940,-0.930,9.540,-0.210,0.060,0.070,0.000
1.980,-0.980,9.570,-0.200,0.070,0.070,0.000
1.980,-1.020,9.630,-0.180,0.070,0.070,0.000
1.950,-1.090,9.650,-0.170,0.070,0.070,0.000
1.960,-1.120,9.660,-0.150,0.070,0.070,0.000
1.910,-1.190,9.620,-0.140,0.070,0.060,0.000
1.920,-1.230,9.600,-0.120,0.060,0.060,0.000
1.920,-1.220,9.550,-0.100,0.050,0.060,0.000
1.920,-1.220,9.450,-0.080,0.040,0.050,0.000
1.980,-1.200,9.350,-0.060,0.040,0.040,0.000
1.960,-1.170,9.240,-0.050,0.040,0.040,0.000
2.020,-1.110,9.150,-0.030,0.030,0.030,0.000
2.070,-1.080,9.060,-0.010,0.040,0.030,0.000
2.060,-1.050,9.000,0.000,0.040,0.030,0.000
2.110,-1.000,8.920,0.020,0.040,0.030,0.000
2.090,-0.960,8.840,0.040,0.050,0.030,0.000
2.140,-0.900,8.810,0.060,0.050,0.020,0.000
2.160,-0.850,8.810,0.070,0.060,0.020,0.000
2.130,-0.790,8.830,0.080,0.060,0.020,0.000
2.150,-0.700,8.860,0.090,0.070,0.020,0.000
2.120,-0.650,8.890,0.100,0.080,0.020,0.000
2.120,-0.590,8.940,0.110,0.080,0.020,0.000
2.150,-0.350,9.040,0.110,0.090,0.010,0.000
2.120,-0.290,9.070,0.110,0.090,0.010,0.000
2.130,-0.210,9.120,0.110,0.100,0.010,0.000
2.140,-0.110,9.160,0.100,0.100,0.010,0.000
2.110,-0.070,9.150,0.100,0.100,0.010,0.000
2.150,0.010,9.190,0.100,0.100,0.010,0.000
2.120,0.060,9.230,0.090,0.100,0.020,0.000
2.110,0.120,9.280,0.090,0.110,0.020,0.000
2.110,0.190,9.330,0.080,0.110,0.020,0.000
2.050,0.220,9.360,0.070,0.110,0.020,0.000
2.060,0.260,9.420,0.060,0.110,0.030,0.000
2.040,0.310,9.480,0.050,0.120,0.030,0.000
1.980,0.330,9.520,0.040,0.120,0.030,0.000
1.960,0.350,9.570,0.030,0.120,0.030,0.000
1.920,0.350,9.610,0.010,0.120,0.030,0.000
1.930,0.350,9.640,-0.000,0.120,0.030,0.000
1.920,0.340,9.670,-0.020,0.110,0.040,0.000
1.890,0.330,9.670,-0.040,0.110,0.040,0.000
1.910,0.310,9.650,-0.050,0.100,0.040,0.000
1.860,0.270,9.620,-0.070,0.100,0.040,0.000
1.890,0.240,9.600,-0.080,0.090,0.040,0.000
1.890,0.190,9.560,-0.090,0.090,0.050,0.000
1.880,0.140,9.500,-0.100,0.080,0.050,0.000
1.900,0.100,9.470,-0.100,0.080,0.050,0.000
1.860,0.040,9.420,-0.110,0.080,0.050,0.000
1.900,-0.020,9.400,-0.110,0.070,0.050,0.000
1.880,-0.080,9.370,-0.120,0.070,0.050,0.000
1.900,-0.120,9.350,-0.120,0.070,0.050,0.000
1.910,-0.170,9.310,-0.130,0.070,0.060,0.000
1.890,-0.250,9.290,-0.130,0.060,0.060,0.000
1.950,-0.300,9.270,-0.130,0.060,0.060,0.000
1.940,-0.350,9.260,-0.130,0.060,0.050,0.000
1.970,-0.400,9.230,-0.130,0.060,0.050,0.000
2.010,-0.420,9.220,-0.130,0.060,0.050,0.000
1.990,-0.490,9.180,-0.120,0.060,0.050,0.000
2.050,-0.510,9.160,-0.120,0.060,0.050,0.000
2.040,-0.520,9.120,-0.120,0.060,0.050,0.000
2.070,-0.550,9.130,-0.110,0.060,0.050,0.000
2.100,-0.550,9.130,-0.110,0.060,0.050,0.000
2.080,-0.570,9.080,-0.100,0.070,0.050,0.000
2.130,-0.560,9.050,-0.090,0.070,0.050,0.000
2.110,-0.560,9.050,-0.090,0.070,0.050,0.000
2.090,-0.560,9.070,-0.080,0.070,0.050,0.000
2.130,-0.540,9.070,-0.070,0.080,0.050,0.000
2.110,-0.520,9.100,-0.070,0.080,0.050,0.000
2.150,-0.490,9.130,-0.060,0.080,0.050,0.000
2.140,-0.500,9.180,-0.060,0.080,0.050,0.000
2.090,-0.530,9.210,-0.060,0.090,0.060,0.000
2.060,-0.550,9.170,-0.060,0.100,0.060,0.000
1.900,-0.570,9.100,-0.060,0.100,0.050,0.000
1.800,-0.570,9.000,-0.040,0.110,0.030,0.000
1.700,-0.480,8.950,-0.020,0.110,0.010,0.000
1.650,-0.370,8.940,0.010,0.110,-0.010,0.000
1.700,-0.240,9.070,0.030,0.100,-0.040,0.000
1.740,-0.150,9.220,0.040,0.080,-0.060,0.000
1.890,-0.110,9.370,0.040,0.070,-0.070,0.000
2.040,-0.060,9.480,0.030,0.070,-0.080,0.000
2.110,0.010,9.510,0.030,0.070,-0.080,0.000
2.200,0.170,9.500,0.020,0.070,-0.080,0.000
2.210,0.310,9.510,0.020,0.070,-0.070,0.000
2.270,0.440,9.590,0.010,0.070,-0.060,0.000
2.330,0.520,9.710,-0.010,0.070,-0.040,0.000
2.360,0.530,9.860,-0.040,0.060,-0.010,0.000
2.430,0.510,9.960,-0.080,0.070,0.020,0.000
2.370,0.400,9.990,-0.130,0.080,0.050,0.000
2.280,0.290,9.920,-0.180,0.090,0.080,0.000
2.130,0.180,9.740,-0.220,0.100,0.100,0.000
1.970,0.060,9.560,-0.240,0.110,0.120,0.000
1.890,-0.040,9.460,-0.250,0.110,0.120,0.000
1.750,-0.160,9.400,-0.260,0.110,0.120,0.000
1.640,-0.320,9.360,-0.260,0.100,0.120,0.000
1.560,-0.440,9.290,-0.260,0.090,0.110,0.000
1.480,-0.550,9.230,-0.240,0.080,0.090,0.000
1.520,-0.620,9.120,-0.230,0.060,0.080,0.000
1.530,-0.680,9.030,-0.200,0.050,0.060,0.000
1.620,-0.700,8.970,-0.180,0.040,0.050,0.000
1.750,-0.720,8.950,-0.160,0.030,0.040,0.000
1.840,-0.760,9.000,-0.150,0.030,0.030,0.000
2.000,-0.740,9.030,-0.140,0.030,0.030,0.000
2.080,-0.770,9.120,-0.130,0.040,0.030,0.000
2.250,-0.790,9.280,-0.130,0.040,0.040,0.000
2.260,-0.750,9.290,-0.120,0.030,0.050,0.000
2.270,-0.820,9.330,-0.110,0.030,0.050,0.000
2.420,-1.020,9.600,-0.110,0.020,0.060,0.000
2.410,-1.010,9.560,-0.130,0.010,0.070,0.000
2.330,-0.980,9.220,-0.140,-0.000,0.070,0.000
2.260,-0.910,9.110,-0.120,-0.010,0.070,0.000
2.170,-1.070,9.170,-0.120,-0.010,0.080,0.000
2.070,-1.010,9.140,-0.120,-0.020,0.080,0.000
1.780,-0.860,8.740,-0.100,-0.020,0.080,0.000
1.730,-0.810,8.590,-0.060,-0.000,0.060,0.000
1.860,-0.850,8.790,-0.030,0.000,0.050,0.000
1.850,-0.820,8.730,-0.030,0.020,0.050,0.000
1.810,-0.740,8.430,-0.020,0.040,0.040,0.000
1.790,-0.730,8.200,-0.000,0.080,0.030,0.000
1.860,-0.630,8.030,0.030,0.120,0.030,0.000
1.910,-0.560,7.950,0.060,0.160,0.030,0.000
1.870,-0.650,8.110,0.080,0.190,0.030,0.000
1.950,-0.720,8.380,0.070,0.210,0.030,0.000
2.010,-0.720,8.570,0.050,0.210,0.030,0.000
2.540,-0.900,9.180,0.010,0.090,0.040,0.000
2.720,-0.910,9.210,-0.000,0.030,0.050,0.000
2.780,-0.890,9.110,-0.010,-0.010,0.060,0.000
2.770,-0.770,8.960,0.010,-0.020,0.070,0.000
2.640,-0.550,8.880,0.020,-0.000,0.070,0.000
2.380,-0.360,8.820,0.050,0.040,0.080,0.000
1.790,0.070,8.870,0.070,0.140,0.070,0.000
1.560,0.250,8.990,0.060,0.190,0.070,0.000
1.340,0.400,9.180,0.050,0.240,0.070,0.000
1.170,0.500,9.470,0.030,0.270,0.070,0.000
1.160,0.550,9.840,0.020,0.280,0.070,0.000
1.130,0.560,10.240,0.010,0.270,0.080,0.000
1.200,0.520,10.660,0.000,0.240,0.080,0.000
1.300,0.470,11.060,-0.000,0.190,0.090,0.000
1.390,0.350,11.360,-0.020,0.130,0.090,0.000
1.560,0.270,11.610,-0.030,0.070,0.090,0.000
1.670,0.190,11.730,-0.050,0.010,0.090,0.000
1.810,0.180,11.710,-0.080,-0.030,0.090,0.000
1.990,0.220,11.680,-0.100,-0.060,0.090,0.000
2.130,0.210,11.610,-0.120,-0.070,0.100,0.000
2.300,0.240,11.550,-0.140,-0.070,0.120,0.000
2.310,0.280,11.510,-0.150,-0.060,0.140,0.000
2.220,0.300,11.500,-0.160,-0.050,0.160,0.000
1.950,0.280,11.540,-0.160,-0.040,0.190,0.000
1.530,0.140,11.620,-0.160,-0.030,0.200,0.000
1.200,0.060,11.720,-0.160,-0.030,0.210,0.000
0.860,-0.010,11.790,-0.160,-0.040,0.210,0.000
0.500,-0.180,11.830,-0.180,-0.110,0.200,0.000
0.370,-0.360,11.610,-0.190,-0.150,0.190,0.000
0.380,-0.560,11.310,-0.190,-0.200,0.180,0.000
0.430,-0.800,10.960,-0.190,-0.250,0.150,0.000
0.560,-1.070,10.570,-0.180,-0.280,0.120,0.000
0.790,-1.300,10.230,-0.170,-0.310,0.080,0.000
1.030,-1.520,9.930,-0.150,-0.330,0.040,0.000
1.350,-1.620,9.600,-0.120,-0.350,0.000,0.000
1.630,-1.710,9.360,-0.080,-0.360,-0.030,0.000
2.000,-1.740,9.280,-0.050,-0.370,-0.060,0.000
2.350,-1.720,9.150,-0.030,-0.370,-0.070,0.000
2.530,-1.790,8.880,-0.020,-0.370,-0.090,0.000
2.790,-1.870,8.590,-0.000,-0.360,-0.110,0.000
3.020,-1.880,8.300,0.020,-0.330,-0.150,0.000
3.090,-1.840,8.140,0.060,-0.260,-0.200,0.000
3.380,-1.430,7.980,0.110,-0.150,-0.260,0.000
3.450,-0.980,8.050,0.150,-0.000,-0.310,0.000
3.470,-0.450,8.390,0.180,0.150,-0.330,0.000
3.320,0.020,9.140,0.190,0.270,-0.320,0.000
1.890,0.090,12.460,0.270,0.090,-0.200,0.000
1.950,-0.170,12.640,0.260,-0.060,-0.210,0.000
2.030,-0.320,12.050,0.240,-0.170,-0.230,0.000
2.370,-0.270,11.170,0.230,-0.220,-0.270,0.000
2.750,-0.140,10.460,0.230,-0.190,-0.310,0.000
3.210,-0.010,10.130,0.250,-0.120,-0.350,0.000
3.570,0.200,10.100,0.270,-0.020,-0.390,0.000
3.850,0.480,10.310,0.290,0.080,-0.420,0.000
3.970,0.760,10.600,0.310,0.180,-0.440,0.000
3.680,0.890,10.900,0.310,0.270,-0.450,0.000
3.150,1.010,11.020,0.310,0.360,-0.460,0.000
2.480,1.100,11.190,0.350,0.440,-0.460,0.000
1.820,1.060,11.700,0.410,0.500,-0.460,0.000
1.300,1.000,12.540,0.500,0.530,-0.470,0.000
0.840,0.970,13.560,0.620,0.510,-0.480,0.000
0.660,1.000,14.520,0.750,0.450,-0.510,0.000
0.670,1.150,15.220,0.880,0.360,-0.540,0.000
0.840,1.280,15.780,0.980,0.260,-0.580,0.000
1.210,1.430,16.090,1.040,0.170,-0.610,0.000
1.500,1.620,15.860,1.060,0.110,-0.650,0.000
1.730,1.910,15.470,1.070,0.080,-0.690,0.000
1.970,2.240,15.410,1.070,0.080,-0.730,0.000
2.080,2.800,15.080,1.060,0.140,-0.770,0.000
2.090,3.300,14.990,1.070,0.220,-0.780,0.000
2.000,3.630,15.410,1.070,0.300,-0.770,0.000
2.090,4.010,15.990,1.070,0.350,-0.760,0.000
2.110,4.410,16.490,1.050,0.360,-0.750,0.000
2.080,4.700,16.940,1.010,0.330,-0.740,0.000
1.730,5.350,17.960,0.740,0.190,-0.740,0.000
1.600,5.440,18.220,0.610,0.160,-0.750,0.000
1.500,5.500,18.360,0.470,0.130,-0.780,0.000
1.550,5.540,18.370,0.330,0.110,-0.810,0.000
1.710,5.430,18.170,0.200,0.090,-0.840,0.000
1.990,5.020,17.820,0.060,0.070,-0.850,0.000
2.180,4.400,17.130,-0.070,0.040,-0.860,0.000
2.250,3.850,16.180,-0.160,0.030,-0.860,0.000
2.390,3.450,15.310,-0.230,0.020,-0.860,0.000
2.490,3.120,14.640,-0.260,0.030,-0.860,0.000
2.510,2.840,14.150,-0.270,0.050,-0.850,0.000
2.410,2.620,13.890,-0.260,0.070,-0.840,0.000
2.270,2.450,13.860,-0.240,0.100,-0.830,0.000
2.260,2.280,14.120,-0.220,0.120,-0.830,0.000
2.240,2.110,14.370,-0.200,0.130,-0.820,0.000
2.220,1.920,14.530,-0.170,0.130,-0.800,0.000
2.300,1.690,14.740,-0.130,0.130,-0.790,0.000
2.390,1.520,14.750,-0.080,0.130,-0.780,0.000
2.540,1.480,14.600,-0.010,0.130,-0.760,0.000
2.600,1.430,14.460,0.080,0.140,-0.740,0.000
2.730,1.390,14.370,0.160,0.160,-0.720,0.000
2.900,1.440,14.220,0.230,0.170,-0.710,0.000
2.980,1.550,14.060,0.290,0.200,-0.700,0.000
3.140,1.680,13.950,0.350,0.230,-0.690,0.000
3.250,1.740,13.980,0.400,0.280,-0.680,0.000
3.280,1.740,14.090,0.440,0.330,-0.670,0.000
2.530,1.700,14.500,0.620,0.480,-0.660,0.000
2.160,1.860,14.640,0.680,0.500,-0.670,0.000
1.860,1.970,14.860,0.720,0.490,-0.680,0.000
1.590,2.090,15.170,0.760,0.480,-0.700,0.000
1.470,2.240,15.500,0.790,0.470,-0.710,0.000
1.460,2.370,15.920,0.810,0.450,-0.730,0.000
1.600,2.570,16.280,0.830,0.420,-0.740,0.000
1.810,2.760,16.520,0.840,0.380,-0.750,0.000
2.040,2.880,16.640,0.840,0.340,-0.750,0.000
2.350,2.980,16.650,0.840,0.320,-0.760,0.000
2.590,3.020,16.720,0.820,0.300,-0.750,0.000
2.790,3.040,16.810,0.800,0.290,-0.750,0.000
2.970,3.140,16.940,0.770,0.300,-0.750,0.000
3.030,3.260,17.050,0.740,0.300,-0.750,0.000
3.030,3.350,17.150,0.720,0.310,-0.750,0.000
2.930,3.360,17.340,0.690,0.310,-0.750,0.000
2.850,3.350,17.500,0.660,0.300,-0.760,0.000
2.810,3.370,17.510,0.630,0.290,-0.760,0.000
2.750,3.330,17.320,0.600,0.270,-0.780,0.000
2.800,3.320,16.900,0.580,0.240,-0.790,0.000
2.800,3.320,16.390,0.560,0.220,-0.800,0.000
2.800,3.350,15.820,0.540,0.200,-0.810,0.000
2.830,3.440,15.250,0.510,0.180,-0.820,0.000
2.820,3.500,14.740,0.480,0.160,-0.830,0.000
2.890,3.490,14.250,0.450,0.140,-0.830,0.000
3.020,2.670,12.070,0.250,0.050,-0.790,0.000
3.140,2.100,10.690,0.160,0.020,-0.740,0.000
3.110,1.830,9.940,0.130,0.010,-0.710,0.000
3.170,1.620,9.220,0.120,0.010,-0.670,0.000
3.120,1.410,8.540,0.110,0.010,-0.630,0.000
3.070,1.190,7.870,0.110,0.010,-0.590,0.000
2.990,1.030,7.210,0.120,0.010,-0.540,0.000
2.870,0.860,6.580,0.130,0.010,-0.500,0.000
2.630,0.540,5.120,0.180,0.010,-0.410,0.000
2.560,0.400,4.520,0.210,-0.000,-0.370,0.000
2.430,0.290,3.960,0.240,-0.020,-0.340,0.000
2.310,0.170,3.360,0.280,-0.030,-0.310,0.000
2.180,0.090,2.720,0.320,-0.050,-0.290,0.000
2.020,0.000,2.110,0.370,-0.060,-0.280,0.000
1.880,-0.070,1.600,0.420,-0.060,-0.270,0.000
1.700,-0.150,1.150,0.480,-0.050,-0.270,0.000
1.540,-0.230,0.730,0.530,-0.040,-0.280,0.000
1.430,-0.280,0.350,0.580,-0.020,-0.300,0.000
1.310,-0.310,0.030,0.620,-0.000,-0.330,0.000
1.310,-0.290,-0.280,0.670,0.010,-0.360,0.000
1.240,-0.110,-1.020,0.790,0.020,-0.420,0.000
1.250,0.000,-1.390,0.860,0.020,-0.450,0.000
1.140,0.060,-1.730,0.940,0.020,-0.480,0.000
1.160,0.120,-1.930,1.030,0.030,-0.500,0.000
1.100,0.140,-2.070,1.100,0.070,-0.520,0.000
0.930,0.110,-2.280,1.170,0.120,-0.540,0.000
0.850,0.110,-2.420,1.240,0.190,-0.560,0.000
0.740,0.080,-2.480,1.300,0.250,-0.590,0.000
0.720,0.090,-2.560,1.370,0.310,-0.610,0.000
0.650,0.080,-2.630,1.440,0.360,-0.630,0.000
0.610,0.050,-2.720,1.510,0.420,-0.660,0.000
0.600,-0.000,-2.690,1.570,0.470,-0.680,0.000
0.510,-0.140,-2.500,1.620,0.530,-0.700,0.000
0.560,-0.270,-2.220,1.650,0.590,-0.710,0.000
0.700,-0.410,-1.850,1.660,0.640,-0.720,0.000
0.980,-0.600,-1.360,1.630,0.680,-0.730,0.000
1.440,-0.730,-0.680,1.560,0.710,-0.710,0.000
1.920,-0.750,0.040,1.440,0.730,-0.680,0.000
2.270,-0.820,0.610,1.280,0.730,-0.620,0.000
2.230,-1.010,0.980,1.090,0.720,-0.560,0.000
1.830,-1.230,1.130,0.880,0.720,-0.500,0.000
1.460,-1.220,1.100,0.650,0.760,-0.460,0.000
1.030,-1.260,1.010,0.430,0.810,-0.420,0.000
0.740,-1.330,0.850,0.220,0.890,-0.380,0.000
0.540,-1.350,0.660,0.030,0.980,-0.350,0.000
0.370,-1.380,0.600,-0.120,1.060,-0.330,0.000
0.310,-1.400,0.660,-0.260,1.140,-0.310,0.000
0.260,-1.360,0.730,-0.370,1.210,-0.290,0.000
0.090,-1.090,1.310,-0.570,1.330,-0.270,0.000
0.060,-0.870,1.660,-0.600,1.330,-0.290,0.000
0.110,-0.620,2.280,-0.610,1.310,-0.310,0.000
0.310,-0.380,3.050,-0.600,1.280,-0.320,0.000
0.550,-0.150,3.900,-0.570,1.230,-0.330,0.000
0.760,-0.000,5.210,-0.480,1.170,-0.350,0.000
1.100,0.190,7.110,-0.300,1.070,-0.380,0.000
1.340,0.460,9.760,0.080,0.850,-0.420,0.000
1.540,0.620,12.000,0.500,0.620,-0.460,0.000
1.770,0.720,14.250,0.970,0.360,-0.480,0.000
1.990,0.790,16.510,1.430,0.100,-0.460,0.000
2.180,0.950,18.290,1.750,-0.120,-0.410,0.000
2.080,1.320,18.940,1.880,-0.270,-0.340,0.000
1.500,3.100,17.060,1.790,-0.380,-0.240,0.000
1.060,4.070,15.400,1.700,-0.380,-0.250,0.000
0.780,5.130,13.740,1.610,-0.370,-0.290,0.000
0.600,6.110,11.980,1.540,-0.370,-0.350,0.000
0.510,7.020,10.460,1.490,-0.370,-0.410,0.000
0.430,7.850,9.450,1.450,-0.410,-0.450,0.000
0.250,8.530,8.760,1.420,-0.470,-0.490,0.000
0.090,9.200,8.340,1.370,-0.540,-0.500,0.000
-0.130,9.790,8.170,1.320,-0.600,-0.510,0.000
-0.310,10.250,8.360,1.270,-0.650,-0.510,0.000
-0.360,10.500,9.090,1.200,-0.710,-0.520,0.000
-0.150,10.460,10.070,1.080,-0.810,-0.520,0.000
0.440,10.230,10.830,0.890,-0.930,-0.500,0.000
1.730,8.260,9.830,0.140,-1.180,-0.290,0.000
1.650,7.420,9.130,-0.040,-1.220,-0.220,0.000
1.460,6.590,8.500,-0.140,-1.250,-0.180,0.000
1.370,5.920,8.190,-0.180,-1.280,-0.160,0.000
1.410,5.540,7.940,-0.170,-1.320,-0.140,0.000
1.500,5.440,7.930,-0.130,-1.340,-0.110,0.000
1.740,5.700,8.680,-0.130,-1.360,-0.040,0.000
1.990,5.840,9.040,-0.180,-1.360,-0.010,0.000
2.200,5.970,8.990,-0.250,-1.370,-0.010,0.000
2.280,6.190,8.660,-0.310,-1.380,-0.010,0.000
2.180,6.450,8.410,-0.360,-1.370,-0.020,0.000
2.220,6.750,8.500,-0.410,-1.340,-0.030,0.000
2.240,6.940,8.910,-0.500,-1.320,-0.040,0.000
2.240,7.070,9.280,-0.610,-1.290,-0.050,0.000
2.260,7.190,9.430,-0.730,-1.270,-0.060,0.000
2.150,7.230,9.210,-0.880,-1.250,-0.050,0.000
2.200,7.300,8.940,-0.990,-1.230,-0.030,0.000
2.240,7.300,8.840,-1.100,-1.210,0.010,0.000
2.290,7.280,8.800,-1.200,-1.190,0.040,0.000
2.360,7.240,8.710,-1.320,-1.170,0.080,0.000
2.430,7.200,8.460,-1.430,-1.150,0.120,0.000
2.800,6.510,7.630,-1.710,-1.100,0.270,0.000
2.800,6.000,7.360,-1.780,-1.080,0.320,0.000
2.670,5.430,7.200,-1.830,-1.060,0.360,0.000
2.630,4.870,7.130,-1.860,-1.050,0.390,0.000
2.650,3.760,6.940,-1.880,-1.040,0.440,0.000
2.730,3.250,6.810,-1.850,-1.040,0.470,0.000
2.760,2.740,6.660,-1.790,-1.030,0.500,0.000
2.850,2.320,6.520,-1.700,-1.020,0.520,0.000
2.850,1.930,6.370,-1.590,-1.000,0.530,0.000
2.830,1.590,6.260,-1.450,-0.980,0.540,0.000
2.790,1.320,6.230,-1.310,-0.950,0.550,0.000
2.670,1.090,6.280,-1.170,-0.920,0.550,0.000
2.650,0.950,6.370,-1.040,-0.880,0.540,0.000
2.630,0.850,6.430,-0.920,-0.850,0.530,0.000
2.650,0.770,6.510,-0.810,-0.810,0.510,0.000
2.750,0.720,6.530,-0.710,-0.770,0.480,0.000
2.810,0.600,6.620,-0.610,-0.730,0.460,0.000
2.960,0.570,6.670,-0.520,-0.690,0.430,0.000
3.060,0.570,6.700,-0.420,-0.640,0.410,0.000
3.110,0.550,6.720,-0.340,-0.590,0.390,0.000
3.140,0.560,6.690,-0.250,-0.550,0.370,0.000
3.050,0.540,6.690,-0.170,-0.510,0.350,0.000
2.980,0.530,6.690,-0.100,-0.460,0.320,0.000
2.890,0.530,6.720,-0.030,-0.420,0.300,0.000
2.850,0.530,6.790,0.030,-0.380,0.270,0.000
2.870,0.550,6.800,0.080,-0.350,0.250,0.000
2.820,0.560,6.640,0.140,-0.320,0.240,0.000
2.890,0.490,6.510,0.190,-0.280,0.240,0.000
3.030,0.360,6.440,0.250,-0.230,0.240,0.000
3.220,0.280,6.320,0.300,-0.190,0.240,0.000
3.510,0.290,6.250,0.360,-0.140,0.260,0.000
3.760,0.340,6.150,0.420,-0.090,0.280,0.000
3.970,0.490,6.090,0.490,-0.040,0.300,0.000
3.960,0.700,6.160,0.570,0.010,0.320,0.000
3.900,1.060,6.360,0.650,0.070,0.330,0.000
3.790,1.470,6.640,0.730,0.140,0.330,0.000
3.520,1.780,6.960,0.790,0.210,0.330,0.000
3.240,2.030,7.240,0.840,0.270,0.330,0.000
2.910,2.180,7.450,0.870,0.320,0.320,0.000
2.690,2.260,7.480,0.890,0.350,0.320,0.000
2.560,2.350,7.400,0.910,0.380,0.310,0.000
2.380,2.370,7.430,0.920,0.400,0.300,0.000
2.260,2.370,7.610,0.930,0.430,0.290,0.000
2.110,2.330,7.870,0.920,0.450,0.270,0.000
1.970,2.250,8.250,0.910,0.470,0.240,0.000
1.970,2.170,8.660,0.900,0.490,0.210,0.000
2.110,2.080,9.300,0.900,0.510,0.160,0.000
2.280,2.130,9.530,0.910,0.510,0.150,0.000
2.450,2.260,9.630,0.920,0.500,0.140,0.000
2.700,2.540,9.630,0.930,0.510,0.140,0.000
2.860,2.830,9.500,0.930,0.520,0.150,0.000
2.980,3.090,9.280,0.920,0.540,0.160,0.000
3.080,3.330,9.310,0.900,0.570,0.180,0.000
3.040,3.530,9.630,0.860,0.610,0.200,0.000
2.920,3.730,9.970,0.790,0.640,0.220,0.000
2.700,3.890,9.970,0.720,0.650,0.240,0.000
2.510,4.040,9.980,0.680,0.650,0.270,0.000
2.300,4.150,10.300,0.650,0.630,0.290,0.000
2.120,4.240,10.710,0.600,0.590,0.320,0.000
2.240,4.540,11.320,0.350,0.420,0.440,0.000
2.430,4.650,11.260,0.280,0.380,0.470,0.000
2.610,4.620,11.260,0.200,0.350,0.510,0.000
2.670,4.360,11.220,0.120,0.330,0.550,0.000
2.740,3.990,11.090,0.040,0.310,0.590,0.000
2.780,3.620,10.990,-0.020,0.280,0.620,0.000
2.790,3.240,10.950,-0.070,0.260,0.650,0.000
2.880,2.950,10.890,-0.110,0.230,0.670,0.000
2.920,2.650,10.800,-0.140,0.210,0.690,0.000
2.950,2.360,10.710,-0.160,0.200,0.700,0.000
2.950,2.130,10.510,-0.170,0.190,0.710,0.000
2.930,1.970,10.310,-0.190,0.190,0.710,0.000
2.870,1.870,10.260,-0.200,0.190,0.710,0.000
2.720,1.720,10.180,-0.220,0.210,0.690,0.000
2.570,1.540,10.120,-0.230,0.230,0.660,0.000
2.530,1.420,10.180,-0.240,0.250,0.610,0.000
2.440,1.250,10.360,-0.250,0.250,0.560,0.000
2.490,1.090,10.720,-0.250,0.230,0.500,0.000
2.600,0.990,11.180,-0.270,0.200,0.460,0.000
2.760,0.970,11.600,-0.300,0.170,0.430,0.000
2.890,1.030,11.900,-0.340,0.140,0.410,0.000
2.860,1.080,12.060,-0.380,0.110,0.400,0.000
2.850,1.130,12.060,-0.410,0.080,0.390,0.000
2.810,1.240,11.800,-0.430,0.060,0.370,0.000
2.890,1.310,11.380,-0.450,0.040,0.350,0.000
3.040,1.380,10.930,-0.460,0.030,0.330,0.000
3.060,1.370,10.400,-0.480,0.020,0.310,0.000
3.130,1.310,9.830,-0.510,0.030,0.280,0.000
3.160,1.210,9.270,-0.520,0.030,0.250,0.000
3.230,0.770,8.350,-0.510,0.060,0.200,0.000
3.110,0.510,7.990,-0.480,0.080,0.160,0.000
3.010,0.260,7.640,-0.430,0.110,0.130,0.000
2.870,0.000,7.350,-0.370,0.140,0.090,0.000
2.700,-0.280,7.200,-0.290,0.160,0.040,0.000
2.490,-0.590,6.900,-0.110,0.220,-0.080,0.000
2.380,-0.650,6.910,-0.010,0.240,-0.140,0.000
2.270,-0.560,6.950,0.100,0.270,-0.210,0.000
2.240,-0.350,6.990,0.190,0.290,-0.270,0.000
2.300,0.110,7.140,0.290,0.300,-0.330,0.000
2.350,0.550,7.310,0.340,0.300,-0.370,0.000
2.460,1.010,7.510,0.380,0.310,-0.400,0.000
2.480,1.430,7.770,0.400,0.310,-0.430,0.000
2.500,1.820,8.100,0.400,0.310,-0.450,0.000
2.440,2.430,8.450,0.380,0.290,-0.480,0.000
2.390,2.580,8.500,0.370,0.280,-0.490,0.000
2.270,2.680,8.550,0.370,0.250,-0.490,0.000
2.140,2.730,8.690,0.370,0.230,-0.500,0.000
2.010,2.830,8.780,0.360,0.190,-0.490,0.000
1.830,2.900,8.690,0.350,0.160,-0.490,0.000
1.760,2.960,8.490,0.340,0.120,-0.490,0.000
1.710,2.990,8.170,0.320,0.070,-0.480,0.000
1.750,2.960,7.950,0.290,0.040,-0.470,0.000
1.810,2.940,7.760,0.270,0.020,-0.470,0.000
1.920,2.930,7.580,0.230,0.010,-0.470,0.000
2.150,2.900,7.390,0.210,0.020,-0.480,0.000
2.350,2.940,7.260,0.190,0.040,-0.490,0.000
2.550,3.050,7.310,0.180,0.070,-0.490,0.000
2.690,3.220,7.620,0.170,0.100,-0.500,0.000
2.760,3.370,8.020,0.140,0.130,-0.490,0.000
2.840,3.480,8.080,0.100,0.160,-0.480,0.000
2.850,3.520,7.860,0.070,0.180,-0.460,0.000
2.930,3.550,7.750,0.070,0.200,-0.440,0.000
3.050,3.670,7.810,0.070,0.200,-0.420,0.000
3.020,3.770,7.830,0.080,0.210,-0.400,0.000
3.010,3.870,7.800,0.070,0.220,-0.370,0.000
2.890,3.930,7.740,0.050,0.230,-0.340,0.000
2.770,3.990,7.700,0.010,0.250,-0.320,0.000
2.710,4.090,7.620,-0.040,0.260,-0.300,0.000
2.540,4.170,7.540,-0.090,0.280,-0.280,0.000
2.410,4.230,7.660,-0.160,0.310,-0.270,0.000
2.200,4.290,7.980,-0.240,0.330,-0.260,0.000
1.940,4.300,8.360,-0.330,0.340,-0.250,0.000
1.700,4.240,8.650,-0.440,0.340,-0.240,0.000
1.420,4.100,8.860,-0.550,0.340,-0.240,0.000
1.290,3.910,9.070,-0.630,0.330,-0.240,0.000
1.190,3.710,9.280,-0.700,0.300,-0.240,0.000
1.080,3.440,9.460,-0.750,0.270,-0.240,0.000
0.980,3.170,9.650,-0.780,0.240,-0.250,0.000
0.800,2.880,9.730,-0.810,0.200,-0.260,0.000
0.740,2.700,9.610,-0.830,0.150,-0.280,0.000
0.710,2.650,9.370,-0.850,0.100,-0.310,0.000
0.710,2.680,9.180,-0.870,0.060,-0.330,0.000
0.790,2.860,9.070,-0.900,0.020,-0.360,0.000
0.820,3.120,8.940,-0.920,-0.020,-0.380,0.000
1.020,3.360,8.950,-0.940,-0.050,-0.400,0.000
1.280,3.500,8.990,-0.950,-0.090,-0.400,0.000
1.570,3.520,9.070,-0.940,-0.130,-0.400,0.000
1.940,3.570,9.150,-0.940,-0.170,-0.390,0.000
2.240,3.630,9.120,-0.930,-0.200,-0.380,0.000
2.460,3.690,9.020,-0.950,-0.210,-0.360,0.000
2.630,3.760,8.890,-0.980,-0.200,-0.350,0.000
2.750,3.800,8.680,-1.020,-0.180,-0.330,0.000
2.840,3.840,8.560,-1.090,-0.140,-0.310,0.000
2.770,3.810,8.560,-1.160,-0.100,-0.290,0.000
2.620,3.760,8.630,-1.240,-0.070,-0.270,0.000
2.430,3.680,8.700,-1.310,-0.050,-0.250,0.000
2.240,3.480,8.810,-1.360,-0.040,-0.220,0.000
2.270,3.250,8.830,-1.400,-0.040,-0.200,0.000
2.350,2.990,8.770,-1.420,-0.030,-0.190,0.000
2.490,2.720,8.680,-1.430,-0.030,-0.170,0.000
2.650,2.470,8.570,-1.440,-0.020,-0.160,0.000
2.750,2.220,8.430,-1.430,-0.010,-0.150,0.000
2.860,2.010,8.320,-1.420,0.010,-0.140,0.000
2.880,1.820,8.210,-1.400,0.030,-0.140,0.000
2.900,1.640,8.160,-1.370,0.040,-0.140,0.000
2.950,1.470,8.220,-1.330,0.060,-0.140,0.000
2.920,1.280,8.300,-1.280,0.070,-0.150,0.000
2.930,1.140,8.370,-1.230,0.080,-0.160,0.000
2.850,1.020,8.440,-1.180,0.090,-0.160,0.000
2.750,0.940,8.450,-1.120,0.100,-0.160,0.000
2.670,0.880,8.450,-1.060,0.110,-0.150,0.000
2.590,0.790,8.480,-1.000,0.120,-0.140,0.000
2.590,0.720,8.440,-0.940,0.110,-0.130,0.000
2.550,0.670,8.340,-0.890,0.100,-0.120,0.000
2.600,0.680,8.200,-0.840,0.090,-0.110,0.000
2.650,0.720,8.080,-0.790,0.090,-0.090,0.000
2.660,0.660,8.040,-0.750,0.090,-0.080,0.000
2.760,0.630,8.040,-0.700,0.090,-0.060,0.000
2.830,0.600,7.920,-0.650,0.090,-0.040,0.000
2.960,0.630,7.850,-0.590,0.100,-0.020,0.000
3.000,0.580,8.010,-0.550,0.100,0.000,0.000
2.890,0.550,8.120,-0.510,0.120,0.030,0.000
2.850,0.700,8.030,-0.490,0.130,0.040,0.000
2.700,0.850,8.010,-0.460,0.140,0.060,0.000
2.580,0.960,8.110,-0.440,0.150,0.070,0.000
2.480,0.990,8.250,-0.440,0.160,0.080,0.000
2.320,0.960,8.390,-0.440,0.160,0.080,0.000
2.190,0.930,8.410,-0.450,0.160,0.090,0.000
2.010,0.840,8.530,-0.440,0.170,0.090,0.000
1.880,0.740,8.660,-0.440,0.180,0.080,0.000
1.820,0.670,8.790,-0.430,0.180,0.080,0.000
1.660,0.550,8.900,-0.430,0.180,0.080,0.000
1.550,0.450,9.020,-0.420,0.170,0.080,0.000
1.420,0.350,9.100,-0.400,0.160,0.070,0.000
1.300,0.280,9.220,-0.370,0.150,0.070,0.000
1.280,0.320,9.640,-0.260,0.070,0.060,0.000
1.370,0.410,9.980,-0.200,0.010,0.070,0.000
1.360,0.540,10.290,-0.140,-0.050,0.090,0.000
1.360,0.820,10.380,-0.080,-0.110,0.110,0.000
1.470,1.140,10.350,-0.030,-0.160,0.120,0.000
1.630,1.310,10.400,-0.020,-0.200,0.130,0.000
1.910,1.460,10.260,-0.050,-0.230,0.130,0.000
2.050,1.620,9.830,-0.100,-0.240,0.140,0.000
2.120,1.800,9.290,-0.150,-0.230,0.140,0.000
2.220,1.990,8.810,-0.200,-0.200,0.150,0.000
2.260,2.100,8.540,-0.240,-0.170,0.150,0.000
2.310,2.170,8.320,-0.270,-0.150,0.160,0.000
2.280,2.170,8.110,-0.300,-0.130,0.180,0.000
2.240,2.100,8.130,-0.330,-0.110,0.190,0.000
2.180,2.100,8.320,-0.370,-0.110,0.210,0.000
2.060,2.240,8.440,-0.410,-0.100,0.230,0.000
2.070,2.370,8.430,-0.450,-0.100,0.250,0.000
2.060,2.240,8.520,-0.470,-0.110,0.280,0.000
2.070,1.960,8.660,-0.480,-0.130,0.300,0.000
2.180,1.820,8.690,-0.480,-0.160,0.320,0.000
2.270,1.690,8.690,-0.470,-0.170,0.330,0.000
2.490,1.610,8.720,-0.460,-0.170,0.340,0.000
2.710,1.650,8.680,-0.450,-0.160,0.360,0.000
2.760,1.750,8.500,-0.450,-0.140,0.390,0.000
2.740,1.830,8.390,-0.460,-0.120,0.400,0.000
2.660,1.900,8.390,-0.480,-0.100,0.420,0.000
2.660,1.950,8.420,-0.520,-0.080,0.430,0.000
2.560,1.910,8.440,-0.560,-0.060,0.450,0.000
2.460,1.810,8.490,-0.600,-0.050,0.460,0.000
2.500,1.700,8.550,-0.640,-0.040,0.480,0.000
2.520,1.560,8.570,-0.670,-0.040,0.490,0.000
2.610,1.470,8.610,-0.690,-0.030,0.510,0.000
2.670,1.410,8.710,-0.700,-0.020,0.520,0.000
2.650,1.330,8.770,-0.720,-0.010,0.540,0.000
2.690,1.260,8.820,-0.730,0.010,0.550,0.000
2.630,1.190,8.820,-0.740,0.020,0.550,0.000
2.560,1.120,8.790,-0.750,0.040,0.560,0.000
2.460,1.030,8.770,-0.760,0.060,0.570,0.000
2.320,0.930,8.780,-0.760,0.070,0.570,0.000
2.250,0.870,8.790,-0.770,0.080,0.570,0.000
2.150,0.740,8.790,-0.770,0.080,0.570,0.000
2.180,0.640,8.770,-0.770,0.080,0.570,0.000
2.220,0.530,8.730,-0.770,0.070,0.560,0.000
2.270,0.380,8.620,-0.770,0.060,0.560,0.000
2.360,0.270,8.540,-0.760,0.060,0.550,0.000
2.370,0.150,8.470,-0.740,0.060,0.550,0.000
2.410,0.030,8.400,-0.720,0.070,0.540,0.000
2.390,-0.070,8.370,-0.700,0.080,0.530,0.000
2.310,-0.150,8.310,-0.670,0.090,0.520,0.000
2.290,-0.160,8.260,-0.640,0.100,0.500,0.000
2.200,-0.230,8.250,-0.620,0.120,0.480,0.000
2.200,-0.320,8.170,-0.590,0.130,0.460,0.000
2.130,-0.370,8.150,-0.560,0.130,0.440,0.000
2.020,-0.430,8.080,-0.540,0.140,0.420,0.000
1.980,-0.450,8.040,-0.520,0.150,0.400,0.000
1.880,-0.440,8.000,-0.490,0.160,0.380,0.000
1.910,-0.450,8.010,-0.460,0.160,0.360,0.000
1.930,-0.480,8.090,-0.440,0.160,0.330,0.000
1.910,-0.550,8.200,-0.420,0.160,0.310,0.000
1.930,-0.620,8.310,-0.410,0.150,0.290,0.000
1.890,-0.710,8.340,-0.390,0.140,0.270,0.000
1.940,-0.760,8.410,-0.370,0.130,0.250,0.000
1.980,-0.830,8.440,-0.350,0.120,0.240,0.000
2.020,-0.880,8.450,-0.320,0.120,0.220,0.000
2.150,-0.910,8.440,-0.280,0.110,0.210,0.000
2.220,-0.910,8.450,-0.240,0.110,0.200,0.000
2.320,-0.650,8.300,-0.180,0.120,0.200,0.000
2.260,-0.430,8.260,-0.160,0.130,0.200,0.000
2.260,-0.160,8.260,-0.160,0.140,0.200,0.000
2.150,0.060,8.210,-0.180,0.150,0.200,0.000
2.100,0.230,8.130,-0.200,0.150,0.200,0.000
2.050,0.320,8.090,-0.240,0.160,0.200,0.000
1.990,0.310,8.070,-0.270,0.160,0.210,0.000
2.020,0.280,8.130,-0.290,0.160,0.210,0.000
2.020,0.200,8.230,-0.310,0.150,0.210,0.000
2.060,0.120,8.400,-0.320,0.140,0.210,0.000
2.090,0.070,8.540,-0.320,0.130,0.220,0.000
2.090,0.040,8.700,-0.320,0.120,0.220,0.000
2.160,0.060,8.790,-0.320,0.100,0.220,0.000
2.140,0.100,8.800,-0.320,0.080,0.220,0.000
2.150,0.170,8.800,-0.320,0.070,0.230,0.000
2.140,0.280,8.700,-0.330,0.050,0.230,0.000
2.070,0.330,8.650,-0.350,0.040,0.220,0.000
2.060,0.370,8.590,-0.370,0.040,0.220,0.000
1.990,0.350,8.530,-0.400,0.030,0.220,0.000
1.950,0.320,8.460,-0.430,0.030,0.220,0.000
1.920,0.290,8.450,-0.460,0.020,0.210,0.000
1.850,0.220,8.430,-0.490,0.020,0.210,0.000
1.870,0.180,8.420,-0.520,0.020,0.210,0.000
1.870,0.120,8.380,-0.560,0.010,0.210,0.000
1.870,0.050,8.320,-0.590,0.010,0.200,0.000
1.880,0.020,8.260,-0.630,0.010,0.200,0.000
1.850,-0.040,8.190,-0.660,0.020,0.200,0.000
1.890,-0.080,8.100,-0.690,0.020,0.200,0.000
1.880,-0.120,8.040,-0.710,0.020,0.190,0.000
1.870,-0.160,8.030,-0.720,0.020,0.190,0.000
1.890,-0.190,8.040,-0.720,0.030,0.180,0.000
1.840,-0.260,8.070,-0.720,0.030,0.180,0.000
1.860,-0.310,8.070,-0.710,0.030,0.170,0.000
1.850,-0.330,8.050,-0.700,0.020,0.170,0.000
1.830,-0.370,7.980,-0.700,0.020,0.160,0.000
1.880,-0.390,7.920,-0.690,0.020,0.150,0.000
1.890,-0.410,7.860,-0.680,0.030,0.140,0.000
1.960,-0.440,7.810,-0.670,0.030,0.130,0.000
1.970,-0.470,7.780,-0.660,0.040,0.130,0.000
1.950,-0.540,7.740,-0.650,0.060,0.120,0.000
1.970,-0.600,7.700,-0.640,0.070,0.110,0.000
1.900,-0.680,7.670,-0.640,0.090,0.100,0.000
1.910,-0.720,7.600,-0.630,0.100,0.090,0.000
1.900,-0.760,7.540,-0.630,0.110,0.080,0.000
1.910,-0.880,7.380,-0.630,0.140,0.080,0.000
1.860,-0.960,7.280,-0.620,0.150,0.080,0.000
1.850,-1.100,7.110,-0.610,0.180,0.080,0.000
1.820,-1.200,7.050,-0.600,0.190,0.080,0.000
1.850,-1.290,7.010,-0.590,0.200,0.080,0.000
1.770,-1.380,6.880,-0.570,0.220,0.090,0.000
1.760,-1.450,6.810,-0.550,0.230,0.080,0.000
1.760,-1.510,6.860,-0.510,0.240,0.070,0.000
1.770,-1.580,6.920,-0.470,0.240,0.060,0.000
1.880,-1.640,6.980,-0.430,0.240,0.050,0.000
1.900,-1.690,7.040,-0.390,0.240,0.050,0.000
1.980,-1.710,7.110,-0.350,0.240,0.040,0.000
2.090,-1.740,7.230,-0.300,0.230,0.050,0.000
2.160,-1.800,7.320,-0.240,0.230,0.050,0.000
2.210,-1.810,7.390,-0.180,0.230,0.060,0.000
2.140,-1.830,7.460,-0.120,0.230,0.070,0.000
2.100,-1.820,7.510,-0.070,0.230,0.070,0.000
1.990,-1.800,7.550,-0.030,0.240,0.080,0.000
1.880,-1.770,7.610,0.010,0.240,0.090,0.000
1.640,-1.680,7.770,0.060,0.220,0.100,0.000
1.560,-1.650,7.770,0.080,0.210,0.110,0.000
1.440,-1.650,7.750,0.090,0.200,0.120,0.000
1.330,-1.660,7.740,0.110,0.180,0.120,0.000
1.330,-1.650,7.730,0.120,0.170,0.120,0.000
1.300,-1.650,7.760,0.130,0.150,0.120,0.000
1.340,-1.660,7.780,0.140,0.130,0.120,0.000
1.370,-1.680,7.800,0.150,0.120,0.120,0.000
1.570,-1.710,7.800,0.180,0.090,0.120,0.000
1.660,-1.750,7.810,0.190,0.070,0.120,0.000
1.820,-1.760,7.840,0.210,0.060,0.130,0.000
1.990,-1.750,7.890,0.230,0.050,0.130,0.000
2.110,-1.750,7.960,0.250,0.040,0.140,0.000
2.260,-1.700,8.010,0.270,0.030,0.150,0.000
2.280,-1.670,8.090,0.290,0.030,0.160,0.000
2.270,-1.590,8.150,0.300,0.030,0.170,0.000
2.230,-1.500,8.240,0.310,0.030,0.180,0.000
2.120,-1.430,8.360,0.310,0.030,0.190,0.000
2.060,-1.320,8.480,0.310,0.040,0.190,0.000
1.920,-1.260,8.580,0.300,0.030,0.200,0.000
1.800,-1.210,8.660,0.260,0.020,0.200,0.000
1.730,-1.210,8.620,0.250,0.010,0.200,0.000
1.750,-1.220,8.600,0.230,0.000,0.200,0.000
1.710,-1.230,8.590,0.220,-0.010,0.190,0.000
1.750,-1.240,8.600,0.210,-0.010,0.190,0.000
1.820,-1.240,8.650,0.200,-0.020,0.180,0.000
1.830,-1.240,8.680,0.190,-0.030,0.180,0.000
1.950,-1.250,8.750,0.190,-0.030,0.170,0.000
2.000,-1.280,8.840,0.180,-0.030,0.160,0.000
2.090,-1.300,8.870,0.170,-0.030,0.160,0.000
2.200,-1.340,8.950,0.150,-0.020,0.160,0.000
2.210,-1.370,9.020,0.140,-0.010,0.150,0.000
2.240,-1.390,9.080,0.120,0.010,0.150,0.000
2.180,-1.390,9.170,0.110,0.020,0.150,0.000
2.130,-1.370,9.230,0.100,0.020,0.140,0.000
2.040,-1.310,9.290,0.090,0.020,0.140,0.000
1.920,-1.300,9.350,0.090,0.020,0.130,0.000
1.870,-1.280,9.440,0.080,0.000,0.130,0.000
1.810,-1.260,9.480,0.080,-0.010,0.120,0.000
1.850,-1.230,9.440,0.070,-0.030,0.110,0.000
1.980,-1.190,9.220,0.060,-0.050,0.090,0.000
2.090,-1.180,9.090,0.050,-0.040,0.080,0.000
2.120,-1.220,8.990,0.050,-0.030,0.080,0.000
2.180,-1.270,8.930,0.050,-0.020,0.070,0.000
2.210,-1.280,8.930,0.050,0.000,0.060,0.000
2.170,-1.310,8.970,0.050,0.020,0.060,0.000
2.190,-1.310,9.030,0.050,0.040,0.050,0.000
2.130,-1.320,9.090,0.050,0.040,0.050,0.000
2.130,-1.330,9.110,0.060,0.050,0.050,0.000
2.160,-1.310,9.170,0.070,0.050,0.040,0.000
2.120,-1.330,9.200,0.080,0.040,0.040,0.000
2.170,-1.290,9.230,0.090,0.030,0.040,0.000
2.150,-1.280,9.270,0.110,0.030,0.030,0.000
2.130,-1.260,9.320,0.120,0.020,0.030,0.000
2.120,-1.240,9.410,0.140,0.010,0.030,0.000
2.070,-1.250,9.430,0.150,-0.010,0.030,0.000
2.120,-1.230,9.440,0.160,-0.020,0.030,0.000
2.110,-1.200,9.440,0.170,-0.030,0.030,0.000
2.150,-1.170,9.380,0.190,-0.040,0.020,0.000
2.250,-1.100,9.300,0.200,-0.050,0.020,0.000
2.270,-1.060,9.180,0.210,-0.050,0.020,0.000
2.360,-0.990,9.070,0.220,-0.040,0.020,0.000
2.390,-0.940,8.960,0.220,-0.030,0.030,0.000
2.430,-0.900,8.880,0.230,-0.020,0.030,0.000
2.460,-0.860,8.810,0.230,-0.000,0.040,0.000
2.390,-0.860,8.800,0.230,0.010,0.040,0.000
2.370,-0.850,8.860,0.240,0.030,0.050,0.000
2.310,-0.850,8.960,0.240,0.040,0.050,0.000
2.240,-0.880,9.070,0.250,0.040,0.060,0.000
2.200,-0.880,9.190,0.260,0.040,0.060,0.000
2.120,-0.910,9.310,0.280,0.030,0.060,0.000
2.130,-0.910,9.390,0.290,0.010,0.060,0.000
2.130,-0.890,9.470,0.310,-0.000,0.060,0.000
2.120,-0.880,9.500,0.330,-0.020,0.060,0.000
2.190,-0.830,9.530,0.340,-0.040,0.060,0.000
2.220,-0.770,9.530,0.350,-0.050,0.060,0.000
2.290,-0.700,9.560,0.360,-0.060,0.060,0.000
2.350,-0.620,9.580,0.370,-0.070,0.060,0.000
2.360,-0.530,9.570,0.370,-0.080,0.050,0.000
2.450,-0.430,9.530,0.370,-0.080,0.050,0.000
2.460,-0.350,9.450,0.370,-0.080,0.050,0.000
2.510,-0.290,9.400,0.360,-0.070,0.050,0.000
2.530,-0.200,9.350,0.340,-0.060,0.050,0.000
2.520,-0.150,9.280,0.330,-0.050,0.050,0.000
2.550,-0.080,9.250,0.310,-0.040,0.050,0.000
2.430,0.010,9.260,0.260,-0.010,0.050,0.000
2.380,0.040,9.310,0.240,0.000,0.050,0.000
2.280,0.010,9.390,0.220,0.010,0.050,0.000
2.150,-0.120,9.740,0.160,-0.020,0.050,0.000
2.170,-0.160,9.830,0.150,-0.030,0.050,0.000
2.210,-0.200,9.870,0.140,-0.050,0.050,0.000
2.310,-0.210,9.850,0.130,-0.060,0.060,0.000
2.330,-0.230,9.770,0.130,-0.070,0.060,0.000
2.420,-0.250,9.660,0.120,-0.080,0.060,0.000
2.450,-0.270,9.550,0.110,-0.090,0.060,0.000
2.440,-0.320,9.400,0.110,-0.080,0.060,0.000
2.480,-0.340,9.310,0.100,-0.080,0.050,0.000
2.420,-0.370,9.220,0.100,-0.080,0.050,0.000
2.440,-0.390,9.180,0.090,-0.070,0.050,0.000
2.420,-0.390,9.170,0.090,-0.070,0.050,0.000
2.360,-0.420,9.180,0.090,-0.070,0.050,0.000
2.370,-0.450,9.200,0.090,-0.070,0.040,0.000
2.320,-0.510,9.190,0.090,-0.070,0.040,0.000
2.340,-0.520,9.190,0.100,-0.070,0.040,0.000
2.380,-0.590,9.090,0.100,-0.070,0.030,0.000
2.490,-0.610,9.040,0.110,-0.070,0.030,0.000
2.530,-0.630,8.970,0.110,-0.070,0.020,0.000
2.620,-0.630,8.880,0.110,-0.050,0.020,0.000
2.710,-0.620,8.800,0.110,-0.040,0.010,0.000
2.750,-0.610,8.710,0.110,-0.020,0.000,0.000
2.860,-0.550,8.660,0.110,-0.000,-0.010,0.000
2.910,-0.530,8.590,0.100,0.030,-0.020,0.000
3.030,-0.510,8.550,0.090,0.060,-0.020,0.000
3.070,-0.520,8.430,0.080,0.090,-0.030,0.000
3.230,-0.680,8.180,0.030,0.200,-0.040,0.000
3.320,-0.730,8.050,0.010,0.250,-0.040,0.000
3.340,-0.790,7.920,-0.000,0.300,-0.050,0.000
3.320,-0.870,7.800,-0.010,0.350,-0.060,0.000
3.390,-0.930,7.720,-0.020,0.410,-0.070,0.000
3.410,-1.030,7.680,-0.030,0.470,-0.090,0.000
3.510,-1.130,7.670,-0.050,0.540,-0.100,0.000
3.580,-1.220,7.620,-0.070,0.600,-0.120,0.000
3.770,-1.390,7.500,-0.090,0.730,-0.140,0.000
3.840,-1.470,7.460,-0.100,0.790,-0.140,0.000
3.950,-1.560,7.430,-0.110,0.860,-0.140,0.000
4.050,-1.630,7.420,-0.120,0.930,-0.140,0.000
4.060,-1.710,7.400,-0.140,1.000,-0.140,0.000
4.090,-1.750,7.390,-0.150,1.070,-0.140,0.000
4.090,-1.760,7.460,-0.170,1.150,-0.140,0.000
4.170,-1.740,7.500,-0.210,1.220,-0.130,0.000
4.280,-1.700,7.480,-0.260,1.280,-0.120,0.000
4.320,-1.660,7.410,-0.310,1.330,-0.090,0.000
4.410,-1.600,7.340,-0.380,1.390,-0.050,0.000
4.420,-1.580,7.270,-0.460,1.440,-0.000,0.000
4.480,-1.540,7.220,-0.550,1.490,0.060,0.000
4.570,-1.480,7.180,-0.650,1.550,0.130,0.000
4.550,-1.450,7.130,-0.760,1.600,0.210,0.000
4.550,-1.380,7.020,-0.880,1.650,0.290,0.000
4.510,-1.290,6.930,-0.980,1.690,0.380,0.000
4.420,-1.200,6.870,-1.080,1.740,0.470,0.000
4.280,-1.070,6.790,-1.160,1.790,0.570,0.000
3.980,-0.990,6.740,-1.210,1.830,0.660,0.000
1.730,-1.660,7.150,-1.560,1.800,1.060,0.000
1.080,-1.820,6.960,-1.690,1.750,1.120,0.000
0.580,-1.900,6.660,-1.800,1.690,1.160,0.000
0.130,-1.990,6.350,-1.890,1.610,1.180,0.000
-0.210,-2.130,6.090,-1.950,1.510,1.190,0.000
-0.460,-2.240,5.760,-1.990,1.390,1.190,0.000
-0.670,-2.370,5.320,-2.020,1.260,1.180,0.000
-0.720,-2.430,4.840,-2.030,1.130,1.170,0.000
-0.740,-2.510,4.440,-2.040,1.020,1.170,0.000
-0.660,-2.600,4.040,-2.030,0.920,1.160,0.000
-0.530,-2.690,3.660,-2.020,0.830,1.160,0.000
-0.410,-2.770,3.300,-1.990,0.740,1.160,0.000
-0.220,-2.730,2.900,-1.960,0.660,1.170,0.000
-0.060,-2.620,2.480,-1.930,0.580,1.170,0.000
0.100,-2.490,2.050,-1.880,0.510,1.190,0.000
0.250,-2.380,1.690,-1.830,0.450,1.220,0.000
0.280,-2.330,1.420,-1.770,0.400,1.240,0.000
0.290,-2.360,1.050,-1.680,0.320,1.290,0.000
0.260,-2.410,0.920,-1.640,0.290,1.310,0.000
0.030,-2.490,0.710,-1.520,0.240,1.340,0.000
-0.180,-2.700,0.900,-1.240,0.150,1.370,0.000
-0.050,-2.750,0.990,-1.120,0.080,1.370,0.000
0.130,-2.790,1.050,-0.990,0.000,1.370,0.000
0.410,-2.800,1.060,-0.880,-0.080,1.370,0.000
0.640,-2.780,0.970,-0.790,-0.150,1.380,0.000
0.850,-2.730,0.820,-0.710,-0.200,1.400,0.000
1.070,-2.640,0.680,-0.650,-0.230,1.420,0.000
1.130,-2.520,0.450,-0.590,-0.260,1.450,0.000
1.220,-2.360,0.150,-0.530,-0.270,1.470,0.000
1.290,-2.150,-0.130,-0.470,-0.270,1.480,0.000
1.340,-1.960,-0.400,-0.410,-0.260,1.490,0.000
1.390,-1.750,-0.660,-0.360,-0.240,1.500,0.000
1.350,-1.610,-0.900,-0.300,-0.210,1.500,0.000
1.360,-1.470,-1.070,-0.240,-0.170,1.510,0.000
1.270,-1.300,-1.230,-0.180,-0.120,1.520,0.000
1.180,-1.230,-1.300,-0.130,-0.080,1.520,0.000
1.070,-1.160,-1.310,-0.090,-0.030,1.520,0.000
0.920,-1.110,-1.330,-0.050,0.010,1.520,0.000
0.870,-1.040,-1.270,-0.030,0.060,1.520,0.000
0.760,-0.990,-1.270,-0.020,0.110,1.510,0.000
0.650,-0.920,-1.280,-0.010,0.170,1.500,0.000
0.570,-0.860,-1.200,-0.010,0.220,1.500,0.000
0.400,-0.800,-1.170,-0.020,0.270,1.490,0.000
0.310,-0.710,-1.160,-0.030,0.320,1.490,0.000
0.150,-0.620,-1.130,-0.040,0.370,1.490,0.000
-0.020,-0.520,-1.160,-0.040,0.410,1.480,0.000
-0.130,-0.440,-1.210,-0.040,0.460,1.470,0.000
-0.280,-0.340,-1.240,-0.030,0.490,1.450,0.000
-0.310,-0.240,-1.210,-0.000,0.520,1.440,0.000
-0.100,0.090,-0.870,0.100,0.500,1.370,0.000
-0.060,0.130,-0.720,0.130,0.470,1.360,0.000
0.080,0.210,-0.590,0.160,0.420,1.340,0.000
0.180,0.250,-0.480,0.180,0.360,1.330,0.000
0.250,0.260,-0.350,0.200,0.300,1.330,0.000
0.320,0.290,-0.280,0.200,0.250,1.330,0.000
0.310,0.300,-0.250,0.180,0.200,1.330,0.000
0.350,0.300,-0.290,0.160,0.170,1.340,0.000
0.360,0.300,-0.320,0.130,0.150,1.340,0.000
0.350,0.280,-0.340,0.090,0.140,1.350,0.000
0.420,0.310,-0.400,0.050,0.140,1.360,0.000
0.430,0.300,-0.440,0.020,0.140,1.370,0.000
0.510,0.270,-0.480,-0.010,0.150,1.370,0.000
0.550,0.230,-0.530,-0.030,0.160,1.380,0.000
0.530,0.140,-0.570,-0.050,0.170,1.380,0.000
0.560,0.060,-0.610,-0.060,0.180,1.390,0.000
0.490,-0.020,-0.620,-0.060,0.180,1.380,0.000
0.470,-0.070,-0.610,-0.060,0.190,1.380,0.000
0.430,-0.080,-0.560,-0.050,0.190,1.380,0.000
0.370,-0.100,-0.510,-0.040,0.190,1.380,0.000
0.400,-0.110,-0.470,-0.040,0.190,1.380,0.000
0.320,-0.140,-0.440,-0.030,0.180,1.380,0.000
0.310,-0.190,-0.400,-0.020,0.180,1.380,0.000
0.310,-0.220,-0.400,-0.020,0.170,1.380,0.000
0.270,-0.260,-0.430,-0.010,0.170,1.380,0.000
0.330,-0.250,-0.420,-0.010,0.160,1.380,0.000
0.300,-0.250,-0.490,-0.000,0.160,1.380,0.000
0.320,-0.250,-0.520,0.000,0.170,1.390,0.000
0.330,-0.230,-0.540,0.010,0.170,1.390,0.000
0.290,-0.240,-0.540,0.010,0.170,1.390,0.000
0.320,-0.220,-0.550,0.010,0.160,1.380,0.000
0.280,-0.180,-0.550,0.010,0.160,1.380,0.000
0.260,-0.140,-0.570,0.020,0.160,1.380,0.000
0.270,-0.090,-0.570,0.020,0.160,1.380,0.000
0.260,-0.080,-0.550,0.020,0.160,1.380,0.000
0.330,-0.060,-0.490,0.010,0.150,1.380,0.000
0.300,-0.090,-0.450,0.010,0.150,1.370,0.000
0.340,-0.090,-0.450,0.010,0.150,1.370,0.000
0.360,-0.100,-0.450,0.010,0.150,1.370,0.000
0.350,-0.120,-0.460,0.010,0.150,1.370,0.000
0.400,-0.130,-0.450,0.010,0.140,1.370,0.000
0.360,-0.150,-0.480,0.020,0.140,1.370,0.000
0.350,-0.190,-0.500,0.020,0.140,1.370,0.000
0.350,-0.200,-0.480,0.030,0.140,1.370,0.000
0.310,-0.210,-0.480,0.030,0.140,1.370,0.000
0.320,-0.200,-0.460,0.040,0.140,1.370,0.000
0.330,-0.180,-0.450,0.040,0.130,1.370,0.000
0.280,-0.200,-0.480,0.050,0.130,1.370,0.000
0.300,-0.200,-0.480,0.050,0.130,1.370,0.000
0.270,-0.210,-0.480,0.050,0.120,1.370,0.000
0.260,-0.200,-0.490,0.060,0.120,1.370,0.000
0.290,-0.190,-0.480,0.060,0.120,1.370,0.000
0.270,-0.210,-0.470,0.060,0.120,1.370,0.000
0.330,-0.190,-0.470,0.060,0.120,1.370,0.000
0.330,-0.200,-0.460,0.060,0.120,1.370,0.000
0.330,-0.220,-0.450,0.070,0.110,1.370,0.000
0.360,-0.210,-0.470,0.070,0.110,1.360,0.000
0.310,-0.220,-0.470,0.080,0.110,1.360,0.000
0.340,-0.220,-0.470,0.080,0.110,1.360,0.000
0.290,-0.240,-0.460,0.090,0.100,1.360,0.000
0.290,-0.240,-0.430,0.090,0.100,1.360,0.000
0.320,-0.230,-0.410,0.100,0.100,1.360,0.000
0.280,-0.230,-0.400,0.100,0.100,1.360,0.000
0.310,-0.220,-0.390,0.100,0.100,1.360,0.000
0.300,-0.230,-0.400,0.100,0.090,1.360,0.000
0.290,-0.230,-0.390,0.110,0.090,1.360,0.000
0.310,-0.220,-0.430,0.110,0.090,1.360,0.000
0.260,-0.260,-0.450,0.120,0.090,1.360,0.000
0.290,-0.260,-0.430,0.130,0.080,1.350,0.000
0.310,-0.250,-0.410,0.140,0.080,1.350,0.000
0.280,-0.260,-0.400,0.140,0.070,1.350,0.000
0.320,-0.260,-0.380,0.140,0.070,1.350,0.000
0.280,-0.280,-0.400,0.150,0.070,1.350,0.000
0.280,-0.290,-0.370,0.160,0.060,1.350,0.000
0.230,-0.310,-0.350,0.160,0.060,1.350,0.000
0.250,-0.310,-0.330,0.170,0.060,1.350,0.000
0.230,-0.310,-0.290,0.170,0.050,1.340,0.000
0.230,-0.320,-0.230,0.170,0.050,1.340,0.000
0.260,-0.320,-0.020,0.170,0.050,1.340,0.000
0.440,-0.290,0.690,0.150,0.050,1.340,0.000
0.630,-0.240,1.780,0.100,0.050,1.340,0.000
0.300,-0.420,3.210,0.010,0.070,1.340,0.000
-0.510,-1.030,4.670,-0.110,0.080,1.340,0.000
-1.990,-2.550,7.760,-0.200,0.040,1.310,0.000
-10.020,-14.640,27.260,-0.050,-0.420,1.170,0.000
-61.310,-63.850,78.450,5.550,-6.550,-0.410,0.000
-69.980,-76.510,78.450,8.730,-8.730,-3.370,0.000
-44.250,-51.580,78.450,8.730,-8.730,-4.120,0.000
-20.930,-16.140,78.450,8.730,-8.730,-4.260,0.000
-0.800,14.310,78.450,8.730,-8.730,-3.870,0.000
18.870,53.020,78.450,8.730,-5.470,-1.820,0.000
18.210,51.630,55.440,6.570,-3.430,-1.150,0.000
18.340,33.130,11.300,3.060,-0.800,-0.310,0.000
18.070,26.450,2.460,2.830,-0.460,0.090,0.000
16.570,20.360,-3.920,2.900,-0.280,0.500,0.000
14.180,15.160,-7.730,3.240,-0.380,0.950,0.000
8.220,7.270,-9.310,4.590,-1.000,1.830,0.000
6.810,6.040,-8.810,5.080,-1.340,1.900,0.000
5.770,5.190,-8.600,5.580,-1.710,1.870,0.000
4.890,4.140,-9.150,6.030,-2.070,1.770,0.000
2.940,1.050,-14.850,5.880,-1.810,1.550,0.000
1.930,-0.510,-16.140,5.060,-0.740,1.210,0.000
1.190,-2.480,-16.130,4.090,0.420,0.810,0.000
1.270,-3.200,-13.840,3.150,1.470,0.420,0.000
2.160,-3.330,-10.840,2.460,2.110,0.150,0.000
3.330,-3.130,-7.760,1.950,2.350,-0.010,0.000
4.300,-2.640,-4.780,1.580,2.240,-0.040,0.000
5.240,-2.210,-1.880,1.300,1.880,0.020,0.000
5.900,-1.930,0.250,1.040,1.270,0.170,0.000
6.000,-1.920,1.420,0.840,0.530,0.360,0.000
5.670,-2.040,2.010,0.680,-0.270,0.560,0.000
3.810,-1.920,1.260,0.430,-1.730,0.920,0.000
2.670,-1.990,0.320,0.370,-2.290,1.040,0.000
1.850,-2.080,-0.400,0.330,-2.750,1.110,0.000
0.910,-2.050,-1.130,0.270,-3.120,1.120,0.000
0.330,-1.800,-1.760,0.170,-3.370,1.070,0.000
0.020,-1.400,-2.430,0.050,-3.530,0.980,0.000
-0.130,-0.880,-3.120,-0.070,-3.620,0.890,0.000
-0.000,0.390,-5.490,-0.340,-3.420,0.540,0.000
0.200,0.830,-6.040,-0.310,-3.260,0.430,0.000
0.370,1.150,-6.270,-0.210,-3.090,0.330,0.000
0.640,1.520,-5.970,-0.000,-2.870,0.200,0.000
0.830,1.810,-5.360,0.180,-2.690,0.110,0.000
1.180,2.100,-4.650,0.360,-2.530,0.030,0.000
1.520,2.440,-3.910,0.520,-2.390,-0.040,0.000
1.890,2.790,-3.290,0.670,-2.280,-0.100,0.000
2.340,3.190,-2.760,0.810,-2.190,-0.140,0.000
2.740,3.570,-2.230,0.940,-2.110,-0.180,0.000
3.190,4.010,-1.660,1.050,-2.050,-0.200,0.000
3.630,4.470,-1.010,1.130,-2.000,-0.200,0.000
4.520,5.340,0.230,1.180,-1.890,-0.180,0.000
5.020,5.840,0.740,1.150,-1.830,-0.140,0.000
5.570,6.340,1.230,1.090,-1.770,-0.090,0.000
6.110,6.810,1.660,1.000,-1.700,-0.030,0.000
6.540,7.180,2.010,0.880,-1.620,0.050,0.000
6.870,7.410,2.250,0.750,-1.540,0.120,0.000
7.020,7.510,2.390,0.600,-1.450,0.180,0.000
7.140,7.530,2.270,0.470,-1.360,0.220,0.000
7.330,7.540,2.080,0.350,-1.250,0.240,0.000
7.500,7.470,1.890,0.260,-1.140,0.250,0.000
7.730,7.410,1.720,0.190,-1.030,0.240,0.000
7.840,7.220,1.540,0.150,-0.910,0.230,0.000
7.890,6.880,1.460,0.130,-0.800,0.190,0.000
7.870,6.470,1.440,0.110,-0.690,0.140,0.000
7.800,5.940,1.430,0.110,-0.580,0.070,0.000
7.790,5.380,1.410,0.100,-0.460,-0.020,0.000
7.820,4.810,1.490,0.100,-0.350,-0.110,0.000
7.890,4.270,1.610,0.080,-0.230,-0.210,0.000
8.010,3.850,1.750,0.050,-0.120,-0.300,0.000
8.090,3.490,1.920,0.010,-0.020,-0.390,0.000
8.210,3.240,2.010,-0.040,0.070,-0.490,0.000
8.520,3.230,1.910,-0.110,0.200,-0.730,0.000
8.860,3.470,1.830,-0.130,0.240,-0.860,0.000
9.110,3.680,1.790,-0.150,0.260,-0.980,0.000
9.450,3.960,1.780,-0.170,0.290,-1.100,0.000
9.770,4.320,1.750,-0.190,0.330,-1.210,0.000
10.100,4.810,1.600,-0.210,0.370,-1.310,0.000
10.470,5.440,1.440,-0.210,0.400,-1.390,0.000
10.690,6.120,1.320,-0.200,0.460,-1.470,0.000
11.030,6.960,1.380,-0.180,0.510,-1.550,0.000
11.510,7.960,1.360,-0.170,0.580,-1.620,0.000
12.110,8.990,1.170,-0.220,0.710,-1.670,0.000
12.780,10.160,1.150,-0.330,0.890,-1.690,0.000
13.230,11.230,1.310,-0.450,1.080,-1.700,0.000
13.640,12.140,1.450,-0.600,1.290,-1.700,0.000
13.930,12.920,1.650,-0.760,1.510,-1.700,0.000
14.080,13.520,2.180,-0.930,1.730,-1.710,0.000
14.120,14.000,3.020,-1.110,1.920,-1.730,0.000
13.830,14.280,3.790,-1.320,2.090,-1.770,0.000
13.280,14.380,4.610,-1.540,2.240,-1.840,0.000
12.290,14.270,5.180,-1.770,2.390,-1.940,0.000
9.880,13.660,5.520,-2.210,2.660,-2.250,0.000
8.860,13.340,5.660,-2.410,2.790,-2.410,0.000
7.890,13.040,5.870,-2.610,2.910,-2.540,0.000
6.790,12.830,6.030,-2.820,3.020,-2.630,0.000
5.660,12.710,6.170,-3.040,3.110,-2.710,0.000
4.670,12.750,6.390,-3.270,3.200,-2.780,0.000
3.760,12.910,6.590,-3.510,3.270,-2.830,0.000
3.000,13.200,6.790,-3.760,3.310,-2.860,0.000
2.440,13.600,6.990,-4.010,3.340,-2.870,0.000
1.970,14.040,7.070,-4.270,3.350,-2.840,0.000
1.620,14.460,7.000,-4.530,3.360,-2.780,0.000
1.230,14.860,7.000,-4.850,3.370,-2.650,0.000
0.990,15.050,7.020,-5.110,3.380,-2.520,0.000
0.730,15.090,7.020,-5.370,3.390,-2.350,0.000
0.500,14.950,7.120,-5.630,3.390,-2.170,0.000
0.290,14.660,7.190,-5.900,3.400,-1.970,0.000
-0.000,14.150,7.290,-6.170,3.400,-1.770,0.000
-0.210,13.560,7.510,-6.450,3.370,-1.580,0.000
-0.490,12.870,7.560,-6.720,3.320,-1.400,0.000
-0.790,12.080,7.530,-6.970,3.260,-1.250,0.000
-0.930,11.340,7.250,-7.200,3.170,-1.130,0.000
-1.240,10.500,6.990,-7.390,3.060,-1.030,0.000
-1.520,9.150,7.140,-7.590,2.890,-0.950,0.000
-1.720,7.930,6.810,-7.720,2.730,-0.930,0.000
-1.840,6.710,6.270,-7.810,2.570,-0.940,0.000
-1.890,5.570,5.720,-7.870,2.420,-0.970,0.000
-1.950,4.520,5.310,-7.910,2.290,-1.020,0.000
-1.890,3.630,4.980,-7.940,2.170,-1.070,0.000
-1.980,2.870,4.550,-7.950,2.050,-1.130,0.000
-2.010,2.220,4.130,-7.920,1.940,-1.180,0.000
-2.020,1.650,3.820,-7.850,1.830,-1.230,0.000
-2.260,0.990,3.630,-7.750,1.710,-1.270,0.000
-2.660,0.240,3.680,-7.620,1.570,-1.310,0.000
-3.490,-0.850,4.090,-7.450,1.400,-1.380,0.000
-4.650,-2.160,4.850,-7.250,1.190,-1.500,0.000
-6.090,-3.690,6.110,-6.990,0.880,-1.680,0.000
-7.990,-5.650,7.650,-6.610,0.410,-1.910,0.000
-10.430,-8.200,9.110,-6.080,-0.200,-2.180,0.000
-13.540,-11.210,10.240,-5.420,-0.890,-2.500,0.000
-16.880,-14.420,10.910,-4.640,-1.570,-2.800,0.000
-19.910,-17.640,10.980,-3.800,-2.130,-3.030,0.000
-21.720,-20.420,10.360,-2.950,-2.470,-3.160,0.000
-21.410,-22.550,9.400,-2.160,-2.500,-3.180,0.000
-18.650,-23.590,8.670,-1.520,-2.250,-3.070,0.000
-14.100,-23.510,8.250,-1.040,-1.860,-2.860,0.000
-9.050,-22.190,7.750,-0.700,-1.480,-2.600,0.000
-4.700,-20.350,7.180,-0.450,-1.170,-2.310,0.000
-1.300,-18.360,6.590,-0.310,-0.940,-2.010,0.000
1.130,-16.360,5.990,-0.260,-0.790,-1.730,0.000
2.700,-14.540,5.340,-0.280,-0.700,-1.480,0.000
3.710,-12.940,4.860,-0.350,-0.650,-1.270,0.000
4.330,-11.540,4.480,-0.440,-0.650,-1.110,0.000
4.810,-10.320,4.180,-0.540,-0.680,-0.980,0.000
5.100,-9.310,3.850,-0.650,-0.740,-0.870,0.000
5.260,-8.410,3.410,-0.750,-0.820,-0.770,0.000
5.380,-7.570,2.820,-0.820,-0.900,-0.680,0.000
5.330,-6.850,2.060,-0.840,-0.970,-0.590,0.000
5.290,-6.280,1.300,-0.780,-1.000,-0.510,0.000
5.230,-5.820,0.700,-0.640,-0.990,-0.430,0.000
5.130,-5.540,0.250,-0.440,-0.940,-0.360,0.000
5.030,-5.400,0.010,-0.170,-0.870,-0.310,0.000
4.930,-5.430,0.110,0.140,-0.780,-0.270,0.000
4.930,-5.540,0.370,0.470,-0.680,-0.260,0.000
4.930,-5.810,1.540,1.130,-0.500,-0.260,0.000
4.980,-5.940,2.340,1.430,-0.430,-0.270,0.000
4.990,-5.980,3.100,1.690,-0.380,-0.280,0.000
4.980,-5.970,3.760,1.900,-0.330,-0.280,0.000
4.950,-5.830,4.320,2.070,-0.280,-0.270,0.000
4.850,-5.640,4.830,2.210,-0.220,-0.240,0.000
4.770,-5.380,5.260,2.330,-0.160,-0.190,0.000
4.580,-5.140,5.600,2.430,-0.090,-0.140,0.000
4.350,-4.850,5.910,2.550,-0.010,-0.080,0.000
4.100,-4.600,6.100,2.630,0.060,-0.040,0.000
3.830,-4.360,6.300,2.700,0.130,-0.010,0.000
3.660,-4.100,6.580,2.740,0.190,0.020,0.000
3.500,-3.790,6.800,2.760,0.260,0.040,0.000
3.250,-3.140,7.120,2.770,0.370,0.060,0.000
3.120,-2.830,7.280,2.770,0.420,0.070,0.000
3.070,-2.490,7.370,2.760,0.480,0.070,0.000
2.920,-2.150,7.490,2.770,0.530,0.070,0.000
2.830,-1.800,7.660,2.770,0.590,0.070,0.000
2.760,-1.440,7.890,2.780,0.640,0.070,0.000
2.640,-1.090,8.190,2.800,0.700,0.080,0.000
2.600,-0.720,8.540,2.810,0.740,0.080,0.000
2.480,-0.350,8.970,2.810,0.780,0.100,0.000
2.360,0.050,9.450,2.800,0.810,0.120,0.000
2.270,0.490,9.920,2.780,0.830,0.150,0.000
2.050,0.870,10.420,2.760,0.860,0.190,0.000
1.880,1.250,11.080,2.720,0.880,0.240,0.000
1.580,1.610,11.950,2.660,0.900,0.290,0.000
1.320,1.950,12.990,2.550,0.920,0.330,0.000
1.100,2.380,13.970,2.400,0.940,0.380,0.000
1.010,2.830,14.950,2.210,0.950,0.420,0.000
1.090,3.390,15.660,1.980,0.950,0.490,0.000
1.060,3.850,16.200,1.750,0.930,0.580,0.000
0.860,4.210,16.430,1.500,0.880,0.690,0.000
0.630,4.530,16.480,1.250,0.820,0.790,0.000
0.220,4.730,16.190,1.000,0.760,0.890,0.000
-0.190,4.890,15.760,0.770,0.690,0.970,0.000
-0.650,4.990,14.990,0.560,0.630,1.040,0.000
-0.960,5.050,14.260,0.390,0.560,1.090,0.000
-1.320,5.060,13.330,0.250,0.480,1.130,0.000
-1.710,5.010,12.470,0.160,0.390,1.130,0.000
-2.060,4.950,11.590,0.100,0.310,1.120,0.000
-2.470,4.890,10.800,0.080,0.220,1.070,0.000
-2.780,4.820,10.130,0.080,0.140,1.010,0.000
-2.950,4.760,9.640,0.090,0.070,0.920,0.000
-3.110,4.660,9.250,0.100,0.000,0.830,0.000
-3.030,4.580,9.040,0.110,-0.060,0.730,0.000
-2.930,4.510,8.840,0.100,-0.110,0.640,0.000
-2.430,4.190,8.200,0.030,-0.230,0.350,0.000
-1.860,4.030,8.250,0.000,-0.250,0.250,0.000
-1.110,3.780,8.550,-0.050,-0.280,0.160,0.000
-0.430,3.420,8.770,-0.130,-0.310,0.100,0.000
0.090,3.030,8.850,-0.220,-0.320,0.070,0.000
0.340,2.610,8.770,-0.320,-0.320,0.050,0.000
0.520,2.210,8.710,-0.400,-0.300,0.050,0.000
0.640,1.850,8.680,-0.450,-0.280,0.040,0.000
0.740,1.480,8.770,-0.480,-0.250,0.040,0.000
0.850,1.150,8.900,-0.500,-0.240,0.040,0.000
0.910,0.860,9.040,-0.520,-0.230,0.030,0.000
1.030,0.670,9.120,-0.530,-0.230,0.030,0.000
1.160,0.560,9.120,-0.540,-0.220,0.040,0.000
1.260,0.470,9.090,-0.540,-0.220,0.040,0.000
1.400,0.410,9.040,-0.540,-0.210,0.050,0.000
1.460,0.320,9.000,-0.540,-0.200,0.060,0.000
1.560,0.230,8.940,-0.550,-0.180,0.070,0.000
1.600,0.150,8.850,-0.540,-0.160,0.070,0.000
1.580,0.060,8.790,-0.530,-0.130,0.070,0.000
1.660,-0.030,8.770,-0.520,-0.100,0.070,0.000
1.630,-0.120,8.770,-0.500,-0.080,0.060,0.000
1.640,-0.210,8.840,-0.480,-0.050,0.060,0.000
1.590,-0.350,8.940,-0.450,-0.010,0.050,0.000
1.530,-0.470,9.010,-0.420,0.020,0.040,0.000
1.510,-0.570,9.080,-0.400,0.040,0.040,0.000
1.420,-0.680,9.150,-0.370,0.060,0.030,0.000
1.430,-0.740,9.220,-0.340,0.080,0.030,0.000
1.400,-0.800,9.260,-0.310,0.090,0.020,0.000
1.360,-0.900,9.290,-0.280,0.100,0.020,0.000
1.360,-0.970,9.320,-0.240,0.120,0.020,0.000
1.290,-1.050,9.390,-0.200,0.130,0.020,0.000
1.280,-1.110,9.460,-0.160,0.140,0.020,0.000
1.230,-1.150,9.490,-0.130,0.150,0.020,0.000
1.140,-1.210,9.510,-0.080,0.170,0.020,0.000
1.060,-1.200,9.540,-0.050,0.180,0.020,0.000
0.910,-1.220,9.600,-0.020,0.190,0.030,0.000
0.840,-1.200,9.620,0.010,0.200,0.030,0.000
0.710,-1.140,9.620,0.030,0.200,0.030,0.000
0.610,-1.030,9.610,0.050,0.200,0.030,0.000
0.540,-0.860,9.580,0.070,0.200,0.030,0.000
0.410,-0.560,9.490,0.100,0.180,0.030,0.000
0.370,-0.450,9.420,0.110,0.170,0.030,0.000
0.350,-0.350,9.350,0.110,0.160,0.030,0.000
0.370,-0.260,9.250,0.120,0.150,0.030,0.000
0.340,-0.190,9.160,0.130,0.140,0.030,0.000
0.380,-0.110,9.090,0.140,0.130,0.030,0.000
0.370,-0.030,9.050,0.160,0.120,0.030,0.000
0.340,0.050,9.040,0.180,0.110,0.030,0.000
0.370,0.160,9.080,0.190,0.100,0.030,0.000
0.320,0.270,9.130,0.200,0.090,0.030,0.000
0.350,0.390,9.190,0.200,0.080,0.040,0.000
0.370,0.500,9.270,0.200,0.070,0.040,0.000
0.380,0.570,9.300,0.190,0.060,0.040,0.000
0.440,0.660,9.340,0.180,0.060,0.040,0.000
0.440,0.730,9.420,0.160,0.050,0.040,0.000
0.510,0.790,9.450,0.140,0.040,0.040,0.000
0.540,0.860,9.470,0.120,0.040,0.040,0.000
0.560,0.890,9.470,0.100,0.040,0.040,0.000
0.640,0.940,9.500,0.080,0.030,0.040,0.000
0.660,0.960,9.500,0.060,0.030,0.040,0.000
0.720,0.990,9.500,0.040,0.030,0.040,0.000
0.780,1.010,9.490,0.010,0.030,0.040,0.000
0.850,1.040,9.490,-0.000,0.030,0.040,0.000
0.850,1.020,9.500,-0.020,0.030,0.040,0.000
0.890,0.990,9.530,-0.030,0.030,0.040,0.000
0.910,0.960,9.560,-0.050,0.040,0.040,0.000
0.890,0.900,9.540,-0.060,0.040,0.040,0.000
0.930,0.860,9.580,-0.080,0.050,0.040,0.000
0.900,0.810,9.610,-0.090,0.060,0.040,0.000
0.920,0.740,9.590,-0.100,0.060,0.040,0.000
0.930,0.680,9.600,-0.120,0.070,0.040,0.000
0.910,0.610,9.610,-0.130,0.070,0.040,0.000
0.940,0.560,9.590,-0.140,0.080,0.040,0.000
0.910,0.510,9.580,-0.140,0.080,0.040,0.000
0.910,0.430,9.550,-0.150,0.090,0.040,0.000
0.920,0.380,9.510,-0.160,0.090,0.040,0.000
0.880,0.310,9.490,-0.160,0.090,0.040,0.000
0.910,0.240,9.450,-0.160,0.100,0.040,0.000
0.850,0.180,9.410,-0.160,0.100,0.040,0.000
0.850,0.090,9.400,-0.150,0.100,0.040,0.000
0.840,0.030,9.360,-0.140,0.100,0.040,0.000
0.790,-0.030,9.340,-0.140,0.100,0.040,0.000
0.800,-0.080,9.330,-0.130,0.110,0.040,0.000
0.740,-0.120,9.320,-0.120,0.110,0.040,0.000
0.710,-0.170,9.280,-0.110,0.110,0.040,0.000
0.700,-0.180,9.270,-0.100,0.110,0.040,0.000
0.660,-0.230,9.260,-0.090,0.110,0.040,0.000
0.680,-0.250,9.260,-0.080,0.110,0.040,0.000
0.660,-0.260,9.250,-0.070,0.100,0.040,0.000
0.640,-0.280,9.250,-0.060,0.100,0.040,0.000
0.660,-0.270,9.240,-0.050,0.100,0.040,0.000
0.630,-0.260,9.220,-0.030,0.090,0.040,0.000
0.670,-0.240,9.230,-0.020,0.090,0.040,0.000
0.660,-0.210,9.250,-0.010,0.090,0.040,0.000
0.640,-0.210,9.250,-0.000,0.080,0.040,0.000
0.680,-0.160,9.210,0.010,0.080,0.040,0.000
0.640,-0.110,9.220,0.020,0.080,0.040,0.000
0.680,-0.060,9.220,0.030,0.080,0.040,0.000
0.670,-0.000,9.250,0.040,0.080,0.040,0.000
0.660,0.020,9.260,0.040,0.070,0.040,0.000
0.710,0.060,9.290,0.050,0.070,0.040,0.000
0.660,0.110,9.330,0.050,0.070,0.040,0.000
0.700,0.170,9.360,0.050,0.070,0.040,0.000
0.720,0.220,9.360,0.050,0.070,0.040,0.000
0.720,0.250,9.380,0.050,0.070,0.040,0.000
0.780,0.310,9.400,0.050,0.070,0.040,0.000
0.760,0.350,9.450,0.050,0.070,0.040,0.000
0.810,0.410,9.470,0.050,0.070,0.040,0.000
0.800,0.440,9.480,0.040,0.070,0.040,0.000
0.810,0.470,9.470,0.040,0.070,0.040,0.000
0.830,0.510,9.500,0.030,0.070,0.040,0.000
0.800,0.520,9.520,0.030,0.070,0.040,0.000
0.830,0.540,9.520,0.020,0.080,0.040,0.000
0.820,0.570,9.510,0.010,0.080,0.040,0.000
0.810,0.560,9.540,0.010,0.080,0.040,0.000
0.830,0.580,9.560,-0.000,0.080,0.040,0.000
0.790,0.570,9.530,-0.010,0.080,0.040,0.000
0.810,0.570,9.520,-0.020,0.090,0.040,0.000
0.800,0.570,9.500,-0.020,0.090,0.040,0.000
0.770,0.550,9.510,-0.030,0.090,0.040,0.000
0.790,0.550,9.500,-0.040,0.090,0.040,0.000
0.750,0.520,9.500,-0.050,0.090,0.040,0.000
0.770,0.510,9.490,-0.050,0.090,0.040,0.000
0.770,0.480,9.470,-0.060,0.090,0.040,0.000
0.750,0.420,9.430,-0.060,0.090,0.040,0.000
0.760,0.410,9.440,-0.070,0.090,0.040,0.000
0.720,0.370,9.440,-0.070,0.090,0.040,0.000
0.730,0.350,9.420,-0.070,0.090,0.040,0.000
0.720,0.320,9.410,-0.080,0.090,0.040,0.000
0.700,0.280,9.390,-0.080,0.090,0.040,0.000
0.740,0.250,9.370,-0.080,0.090,0.040,0.000
0.690,0.210,9.370,-0.080,0.090,0.040,0.000
0.700,0.190,9.360,-0.080,0.090,0.040,0.000
0.700,0.160,9.370,-0.080,0.090,0.040,0.000
0.670,0.120,9.370,-0.070,0.090,0.040,0.000
0.710,0.110,9.380,-0.070,0.090,0.040,0.000
0.670,0.080,9.360,-0.070,0.080,0.040,0.000
0.680,0.080,9.340,-0.060,0.080,0.040,0.000
0.690,0.070,9.330,-0.060,0.080,0.040,0.000
0.670,0.040,9.320,-0.060,0.080,0.040,0.000
0.730,0.030,9.320,-0.050,0.080,0.040,0.000
0.710,0.020,9.330,-0.050,0.080,0.040,0.000
0.720,0.020,9.340,-0.040,0.070,0.040,0.000
0.740,0.030,9.350,-0.040,0.070,0.040,0.000
0.720,0.030,9.320,-0.030,0.070,0.040,0.000
0.750,0.050,9.320,-0.030,0.070,0.040,0.000
0.720,0.050,9.330,-0.020,0.070,0.040,0.000
0.770,0.070,9.360,-0.020,0.070,0.040,0.000
0.770,0.090,9.350,-0.010,0.070,0.040,0.000
0.770,0.100,9.360,-0.010,0.070,0.040,0.000
0.820,0.120,9.360,-0.000,0.070,0.040,0.000
0.780,0.120,9.360,-0.000,0.070,0.040,0.000
0.800,0.150,9.370,0.000,0.080,0.040,0.000
0.790,0.180,9.380,0.000,0.080,0.040,0.000
0.780,0.200,9.380,0.010,0.080,0.040,0.000
0.780,0.240,9.400,0.010,0.080,0.040,0.000
0.790,0.260,9.390,0.010,0.080,0.040,0.000
0.790,0.280,9.400,0.010,0.080,0.040,0.000
0.770,0.290,9.410,0.000,0.090,0.040,0.000
0.800,0.320,9.440,0.000,0.090,0.040,0.000
0.750,0.330,9.450,0.000,0.090,0.040,0.000
0.770,0.340,9.450,0.000,0.090,0.040,0.000
0.770,0.350,9.430,-0.000,0.090,0.040,0.000
0.750,0.360,9.440,-0.000,0.090,0.040,0.000
0.790,0.380,9.440,-0.010,0.090,0.040,0.000
0.760,0.380,9.430,-0.010,0.090,0.040,0.000
0.750,0.380,9.440,-0.010,0.090,0.040,0.000
0.760,0.380,9.430,-0.020,0.090,0.040,0.000
0.720,0.380,9.430,-0.020,0.090,0.040,0.000
0.760,0.390,9.440,-0.020,0.090,0.040,0.000
0.720,0.380,9.460,-0.030,0.090,0.040,0.000
0.720,0.370,9.430,-0.030,0.090,0.040,0.000
0.730,0.370,9.420,-0.030,0.090,0.040,0.000
0.690,0.350,9.420,-0.030,0.090,0.040,0.000
0.730,0.350,9.440,-0.040,0.090,0.040,0.000
0.700,0.350,9.440,-0.040,0.090,0.040,0.000
0.700,0.330,9.410,-0.040,0.090,0.040,0.000
0.730,0.320,9.390,-0.040,0.090,0.040,0.000
0.700,0.310,9.390,-0.040,0.080,0.040,0.000
0.720,0.300,9.400,-0.050,0.080,0.040,0.000
0.690,0.230,9.390,-0.050,0.080,0.040,0.000
0.730,0.230,9.400,-0.050,0.080,0.040,0.000
0.710,0.210,9.380,-0.050,0.080,0.040,0.000
0.730,0.200,9.360,-0.050,0.080,0.040,0.000
0.740,0.200,9.340,-0.050,0.080,0.040,0.000
0.700,0.180,9.370,-0.040,0.080,0.040,0.000
0.740,0.180,9.390,-0.040,0.080,0.040,0.000
0.740,0.150,9.400,-0.040,0.080,0.040,0.000
0.760,0.160,9.390,-0.040,0.080,0.040,0.000
0.730,0.160,9.390,-0.030,0.080,0.040,0.000
0.770,0.170,9.390,-0.030,0.080,0.040,0.000
0.780,0.170,9.380,-0.030,0.080,0.040,0.000
0.750,0.150,9.370,-0.020,0.080,0.040,0.000
0.770,0.180,9.380,-0.020,0.080,0.040,0.000
0.760,0.180,9.390,-0.020,0.080,0.040,0.000
0.770,0.190,9.380,-0.020,0.080,0.040,0.000
0.790,0.200,9.390,-0.020,0.080,0.040,0.000
0.750,0.180,9.390,-0.020,0.080,0.040,0.000
0.790,0.200,9.380,-0.010,0.080,0.040,0.000
0.760,0.220,9.370,-0.010,0.080,0.040,0.000
0.760,0.220,9.370,-0.010,0.080,0.040,0.000
0.790,0.240,9.390,-0.010,0.080,0.040,0.000
0.760,0.240,9.370,-0.010,0.090,0.040,0.000
0.790,0.260,9.400,-0.010,0.090,0.040,0.000
0.750,0.270,9.410,-0.010,0.090,0.040,0.000
0.740,0.270,9.420,-0.010,0.090,0.040,0.000
0.750,0.280,9.430,-0.010,0.090,0.040,0.000
0.710,0.280,9.420,-0.010,0.090,0.040,0.000
0.750,0.270,9.430,-0.010,0.090,0.040,0.000
0.730,0.290,9.430,-0.010,0.090,0.040,0.000
0.720,0.290,9.400,-0.010,0.090,0.040,0.000
0.750,0.310,9.390,-0.020,0.090,0.040,0.000
0.700,0.290,9.390,-0.020,0.090,0.040,0.000
0.740,0.280,9.440,-0.020,0.090,0.040,0.000
0.720,0.300,9.460,-0.020,0.090,0.040,0.000
0.700,0.290,9.450,-0.020,0.090,0.040,0.000
0.730,0.320,9.440,-0.020,0.090,0.040,0.000
0.700,0.310,9.430,-0.020,0.080,0.040,0.000
0.730,0.310,9.400,-0.020,0.080,0.040,0.000
0.730,0.320,9.380,-0.020,0.080,0.040,0.000
0.710,0.290,9.420,-0.020,0.080,0.040,0.000
0.740,0.310,9.410,-0.030,0.080,0.040,0.000
0.690,0.300,9.430,-0.030,0.080,0.040,0.000
0.710,0.290,9.430,-0.030,0.080,0.040,0.000
0.720,0.290,9.440,-0.030,0.080,0.040,0.000
0.740,0.260,9.420,-0.030,0.080,0.040,0.000
0.760,0.260,9.440,-0.030,0.080,0.040,0.000
0.720,0.240,9.400,-0.040,0.080,0.040,0.000
0.770,0.240,9.380,-0.040,0.080,0.040,0.000
0.740,0.240,9.360,-0.040,0.080,0.040,0.000
0.750,0.220,9.360,-0.040,0.080,0.040,0.000
0.770,0.230,9.360,-0.040,0.080,0.040,0.000
0.780,0.230,9.390,-0.030,0.080,0.040,0.000
0.740,0.220,9.400,-0.030,0.080,0.040,0.000
0.750,0.220,9.380,-0.030,0.080,0.040,0.000
0.760,0.230,9.390,-0.030,0.080,0.040,0.000
0.740,0.210,9.390,-0.030,0.080,0.040,0.000
0.770,0.210,9.410,-0.030,0.080,0.040,0.000
0.740,0.200,9.410,-0.030,0.080,0.040,0.000
0.740,0.200,9.420,-0.030,0.080,0.040,0.000
0.780,0.220,9.380,-0.030,0.080,0.040,0.000
0.740,0.210,9.370,-0.030,0.080,0.040,0.000
0.780,0.210,9.380,-0.030,0.080,0.040,0.000
0.750,0.210,9.390,-0.030,0.080,0.040,0.000
0.740,0.210,9.390,-0.030,0.080,0.040,0.000
0.760,0.210,9.380,-0.030,0.080,0.040,0.000
0.740,0.200,9.370,-0.030,0.080,0.040,0.000
0.730,0.200,9.380,-0.030,0.090,0.030,0.000
0.730,0.210,9.410,-0.030,0.090,0.030,0.000
0.760,0.230,9.410,-0.030,0.090,0.030,0.000
0.720,0.240,9.400,-0.040,0.090,0.030,0.000
0.750,0.230,9.390,-0.040,0.090,0.030,0.000
0.770,0.230,9.380,-0.040,0.090,0.030,0.000
0.730,0.230,9.380,-0.040,0.090,0.030,0.000
0.750,0.250,9.390,-0.040,0.090,0.030,0.000
0.730,0.240,9.370,-0.040,0.090,0.030,0.000
0.760,0.260,9.370,-0.040,0.090,0.030,0.000
0.760,0.270,9.360,-0.040,0.090,0.030,0.000
0.750,0.260,9.350,-0.040,0.090,0.030,0.000
0.780,0.270,9.370,-0.030,0.080,0.030,0.000
0.750,0.260,9.370,-0.030,0.080,0.030,0.000
0.790,0.270,9.360,-0.030,0.080,0.030,0.000
0.800,0.290,9.380,-0.030,0.080,0.030,0.000
0.760,0.280,9.390,-0.030,0.080,0.030,0.000
0.790,0.280,9.390,-0.030,0.080,0.030,0.000
0.740,0.250,9.400,-0.030,0.080,0.030,0.000
0.790,0.250,9.410,-0.030,0.090,0.030,0.000
0.770,0.270,9.420,-0.030,0.090,0.030,0.000
0.740,0.270,9.410,-0.030,0.090,0.030,0.000
0.770,0.280,9.410,-0.040,0.090,0.030,0.000
0.730,0.270,9.430,-0.040,0.090,0.030,0.000
0.790,0.280,9.390,-0.030,0.090,0.040,0.000
0.740,0.270,9.380,-0.030,0.090,0.040,0.000
0.740,0.270,9.390,-0.030,0.090,0.040,0.000
0.740,0.270,9.420,-0.020,0.080,0.040,0.000
0.700,0.250,9.440,-0.020,0.080,0.040,0.000
0.730,0.250,9.480,-0.020,0.080,0.040,0.000
0.690,0.250,9.470,-0.020,0.080,0.040,0.000
0.680,0.230,9.480,-0.020,0.080,0.040,0.000
0.680,0.230,9.470,-0.030,0.080,0.040,0.000
0.640,0.210,9.500,-0.030,0.090,0.040,0.000
0.690,0.210,9.520,-0.030,0.080,0.040,0.000
0.670,0.210,9.510,-0.040,0.080,0.040,0.000
0.690,0.200,9.470,-0.040,0.080,0.040,0.000
0.720,0.220,9.430,-0.040,0.080,0.040,0.000
0.720,0.230,9.380,-0.040,0.080,0.040,0.000
0.770,0.240,9.350,-0.030,0.080,0.040,0.000
0.760,0.250,9.330,-0.030,0.070,0.040,0.000
0.770,0.250,9.330,-0.030,0.070,0.040,0.000
0.800,0.260,9.340,-0.030,0.080,0.040,0.000
0.760,0.220,9.350,-0.020,0.080,0.040,0.000
0.790,0.230,9.340,-0.020,0.080,0.040,0.000
0.750,0.210,9.370,-0.020,0.080,0.040,0.000
0.750,0.200,9.400,-0.020,0.080,0.040,0.000
0.750,0.210,9.420,-0.030,0.080,0.040,0.000
0.710,0.210,9.430,-0.030,0.080,0.040,0.000
0.750,0.230,9.450,-0.030,0.080,0.040,0.000
0.720,0.210,9.420,-0.030,0.080,0.040,0.000
0.750,0.210,9.350,-0.030,0.080,0.030,0.000
0.790,0.230,9.330,-0.030,0.080,0.030,0.000
0.770,0.230,9.330,-0.030,0.080,0.040,0.000
0.750,0.220,9.320,-0.030,0.080,0.040,0.000
0.770,0.220,9.360,-0.020,0.080,0.040,0.000
0.730,0.190,9.480,-0.030,0.090,0.040,0.000
0.740,0.180,9.500,-0.040,0.090,0.030,0.000
0.760,0.200,9.480,-0.040,0.090,0.030,0.000
0.720,0.210,9.440,-0.040,0.090,0.030,0.000
0.770,0.230,9.440,-0.040,0.080,0.020,0.000
0.790,0.200,9.490,-0.050,0.080,0.020,0.000
0.830,0.170,9.540,-0.050,0.080,0.010,0.000
0.910,0.160,9.530,-0.060,0.080,0.010,0.000
0.950,0.170,9.380,-0.060,0.070,0.010,0.000
1.040,0.230,9.200,-0.050,0.060,0.020,0.000
1.060,0.310,9.040,-0.020,0.060,0.030,0.000
1.090,0.340,8.980,0.020,0.050,0.050,0.000
1.120,0.380,8.980,0.060,0.050,0.060,0.000
1.050,0.410,9.090,0.090,0.060,0.080,0.000
1.020,0.420,9.260,0.110,0.070,0.090,0.000
0.880,0.390,9.430,0.120,0.090,0.100,0.000
0.740,0.350,9.560,0.120,0.100,0.100,0.000
0.650,0.360,9.700,0.100,0.120,0.100,0.000
0.530,0.330,9.830,0.080,0.130,0.090,0.000
0.500,0.320,9.930,0.060,0.130,0.080,0.000
0.470,0.330,9.960,0.030,0.130,0.070,0.000
0.460,0.360,9.980,-0.000,0.130,0.050,0.000
0.520,0.400,9.920,-0.030,0.120,0.040,0.000
0.570,0.460,9.770,-0.050,0.120,0.030,0.000
0.730,0.510,9.590,-0.070,0.120,0.020,0.000
0.830,0.550,9.370,-0.090,0.110,0.020,0.000
0.910,0.540,9.180,-0.100,0.110,0.010,0.000
0.990,0.550,9.070,-0.100,0.110,0.020,0.000
0.960,0.510,9.000,-0.100,0.100,0.020,0.000
0.960,0.480,8.950,-0.100,0.110,0.030,0.000
0.910,0.440,8.960,-0.100,0.110,0.030,0.000
0.850,0.380,8.970,-0.090,0.120,0.040,0.000
0.840,0.340,8.980,-0.100,0.130,0.040,0.000
0.720,0.300,8.990,-0.100,0.140,0.040,0.000
0.690,0.260,9.020,-0.110,0.160,0.040,0.000
0.640,0.230,9.090,-0.110,0.170,0.040,0.000
0.580,0.180,9.150,-0.120,0.180,0.040,0.000
